genre,avg_imdb_score
"Scifi, Family, Fantasy, Animation, Action",9.3
"Drama, Action, Comedy, Crime, Animation, Documentation, Family, Fantasy",9.0
"Scifi, Animation, Crime, Drama, Fantasy, Thriller",9.0
"Scifi, Action, Drama, Fantasy, Horror, Animation",9.0
"Western, Action, Scifi, Thriller, Animation, Comedy, Drama",8.9
"Scifi, Music, Thriller, Action",8.8
"Action, Comedy, Animation, Drama, Fantasy",8.8
"Action, Comedy, Romance, Drama, Fantasy, Horror",8.8
"Comedy, Drama, Music, Reality",8.7
"Scifi, Animation, Action, Drama, Thriller, War",8.7
"Animation, Scifi, Action, Fantasy, Thriller, Horror",8.7
"Scifi, Crime, Drama, Thriller",8.7
"Drama, Action, History, Romance, War",8.7
"Action, Fantasy, Scifi, Animation, Comedy",8.7
"Romance, Drama, Family, Sport, Documentation",8.6
"Action, Comedy, Drama, Sport",8.6
"Drama, Scifi, Horror, Thriller",8.6
"Crime, Scifi, Thriller, Drama, Fantasy",8.6
"Drama, Romance, Crime",8.6
"Drama, Animation, Fantasy, Scifi, Thriller",8.5
"Scifi, Action, Drama, Thriller, Fantasy, Animation",8.5
"Drama, Comedy, Thriller, Fantasy, Romance",8.5
"Comedy, Documentation, Reality",8.5
"Action, War, Drama, History, European",8.5
"Drama, Thriller, Crime, Romance, Scifi, Comedy",8.5
"Action, Animation, Comedy, Drama, Fantasy, Romance",8.5
"Scifi, Family, Fantasy, Animation, Comedy, Drama",8.5
"Thriller, Action, Comedy, Crime, Drama",8.4
"Sport, Family",8.4
"Action, Comedy, Crime, Drama, Romance",8.4
"Drama, War, Action",8.4
"Action, Drama, Sport",8.4
"Crime, Action, Drama, History",8.4
"Scifi, Comedy, Animation, Fantasy",8.4
"Drama, Animation, Scifi, Fantasy, Romance",8.4
"Crime, Drama, History, Thriller",8.4
"Scifi, Drama, Fantasy, Romance, Family",8.4
"Scifi, Music, Comedy, Drama, Family, Fantasy, Documentation",8.4
"Documentation, Animation",8.4
"Scifi, Thriller, Fantasy, Horror, Animation, Action, Drama, Comedy",8.4
"Scifi, Action, Thriller, Drama, Fantasy, Horror, Animation",8.4
"Action, Scifi, Comedy, Horror, Fantasy, Thriller",8.4
"Family, Drama, War",8.4
"Scifi, Comedy, Animation, Action, Fantasy, Thriller",8.4
"Thriller, Fantasy, Horror, Animation, Comedy, Drama, Family",8.4
"Drama, Animation, Comedy, Romance",8.4
"Scifi, Drama, Animation, Fantasy, Family, Horror, Action",8.4
"Action, Scifi, Fantasy, Animation, Comedy, Drama, Family",8.4
"Action, Scifi, Comedy, Drama, Family, Fantasy, Animation",8.4
"Scifi, Animation, Action, Drama, Family, Fantasy, Thriller",8.4
"Drama, Action, Romance, Fantasy, History",8.3
"Romance, Comedy, Drama, Documentation, European",8.3
"Fantasy, Romance, Animation, Drama",8.3
"Scifi, Action, Comedy, Drama, Animation",8.3
"Scifi, Thriller, Animation, Drama, Fantasy",8.3
"Animation, Comedy, Sport",8.3
"Western, Action, Crime, Drama",8.3
"Scifi, Fantasy, Animation, Comedy, Drama, Thriller, Crime, Horror, Action",8.3
"Scifi, Drama, Fantasy, Horror, Animation, Action",8.3
"War, Thriller, Action, Drama",8.3
"Action, Thriller, Drama, Scifi, Horror, History",8.3
"Crime, Drama, Thriller, Action, European",8.3
"Drama, Comedy, Reality",8.3
"Comedy, Drama, Family, Animation",8.3
"Romance, Comedy, Drama, History",8.2
"Drama, Comedy, Animation",8.2
"Fantasy, Action, Drama",8.2
"Drama, Sport, Thriller, Action, Crime",8.2
"Drama, Fantasy, Romance",8.2
"Comedy, Drama, Romance, Fantasy, Scifi",8.2
"Thriller, Music, Drama, Comedy, Crime",8.2
"Comedy, Drama, Animation, Romance",8.2
"Scifi, Comedy, Romance, Drama, Fantasy",8.2
"Action, Comedy, Drama, Fantasy, Horror, Romance, Scifi",8.2
"Scifi, Comedy, Thriller, Drama, Horror",8.2
"Animation, Comedy, Drama, Fantasy, Thriller",8.2
"Scifi, Action, Animation, Drama, Fantasy, Thriller",8.2
"Action, Drama, Scifi, Thriller, Horror",8.2
"Drama, Thriller, Action, Comedy, European",8.2
"Scifi, Action, Drama, Fantasy, Horror",8.2
"Drama, Action, Thriller, Romance",8.2
"Drama, Fantasy, Romance, Animation",8.2
"Animation, Action, Scifi, Family, Comedy, Drama, Fantasy",8.2
"Fantasy, Drama, Comedy",8.1
"Crime, Family, Comedy",8.1
"Drama, History, Documentation",8.1
"Action, Comedy, Drama, Fantasy, Scifi",8.1
"Comedy, Family, Animation, European",8.1
"Fantasy, Animation, Action, Comedy, Family, Drama",8.1
"Romance, Animation, Drama, Family",8.1
"Comedy, Drama, History, Crime",8.1
"Drama, Action, Sport, European",8.1
"Animation, Comedy, Thriller, Fantasy, Romance, Drama",8.1
"Scifi, Action, Crime, Drama, Thriller",8.1
"Documentation, Crime, Thriller, Drama",8.1
"Scifi, Crime, Drama, Fantasy",8.1
"Drama, Romance, Thriller, Action, Crime, European",8.1
"Crime, Comedy, Drama, Romance, Thriller",8.1
"Scifi, Horror, Animation, Action, Comedy, Fantasy",8.1
"Reality, Documentation, Comedy",8.1
History,8.1
"Scifi, Comedy, Thriller, Action, Crime, Fantasy",8.1
"Action, Crime, Drama, Thriller, Comedy",8.1
"Crime, Documentation, Drama, Thriller",8.1
"War, Crime, Drama, Thriller, European",8.1
"Crime, Thriller, Drama, Horror, Comedy",8.1
"Crime, Romance, Thriller, Drama",8.1
"War, Drama, Action, Thriller",8.1
"Action, Drama, Scifi, Fantasy, Animation, Family, European",8.1
"Action, Animation, Family, Scifi",8.1
"Action, Scifi, Animation, Comedy, Drama, Family, Fantasy",8.1
"Action, Family, Fantasy, Drama, Animation, Comedy, Romance",8.1
"War, Documentation, History",8.05
"Drama, History, Romance",8.0333333333333332
"Drama, Documentation, Comedy, Romance",8.0
"Documentation, Sport, European",8.0
"Drama, Animation",8.0
"Action, Drama, Comedy, Thriller",8.0
"Thriller, Romance",8.0
"Documentation, History, Sport",8.0
"Thriller, Drama, War",8.0
"Scifi, Comedy",8.0
"Drama, Action, Fantasy",8.0
"Drama, Fantasy, Action, History",8.0
"Drama, Romance, Scifi",8.0
"Animation, Music, Romance, Comedy, Drama",8.0
"Animation, Romance, Comedy, Drama",8.0
"Documentation, Comedy, History",8.0
"Documentation, War, History",8.0
"Comedy, Drama, Fantasy, Scifi, Action",8.0
"Drama, Action, Fantasy, Horror",8.0
"Drama, Fantasy, Music",8.0
"Action, History, Romance, Drama",8.0
"Animation, Action, Sport",8.0
"Comedy, Animation, Drama",8.0
"Drama, Comedy, Sport, Reality",8.0
"Reality, Documentation, Thriller",8.0
"Scifi, Drama, Thriller, Crime",8.0
"Drama, History, Crime",8.0
"Action, Drama, History, Documentation",8.0
"Scifi, Drama, Fantasy, Romance",8.0
"Comedy, Romance, Fantasy, Horror",8.0
"Scifi, Drama, Action, Thriller, Horror, Romance, Crime, Fantasy",8.0
"Action, Animation, Comedy, Romance",8.0
"Documentation, History, Reality",8.0
"Scifi, Comedy, Drama, Family, Fantasy, Romance, Animation, Action",8.0
"Scifi, Thriller, Drama, Fantasy, Horror",7.95
"Fantasy, Romance, Action, Comedy, Drama",7.9
"Documentation, Drama, History, War, Action",7.9
"Documentation, Thriller, Sport",7.9
"Drama, Romance, Horror, Thriller",7.9
"Drama, Documentation, War",7.9
"Drama, Thriller, Western",7.9
"Action, Scifi, Comedy, Fantasy, Animation",7.9
"Action, Comedy, Scifi, Animation, Drama, Fantasy, Romance",7.9
"Comedy, Family, Drama, Romance",7.9
"War, Drama, History, Romance, Thriller, European",7.9
"War, Drama, Romance, Thriller",7.9
"Documentation, Drama, Family, Comedy",7.9
"Scifi, War, Action, Drama, Animation",7.9
"Action, Comedy, Crime, Drama, Animation",7.9
"Action, Scifi, Fantasy, Animation, Comedy, Drama",7.9
"Animation, Comedy, Romance",7.9
"Crime, Drama, History, Sport",7.9
"Crime, Action, Documentation",7.9
"Crime, Action, European",7.9
"Drama, History, Romance, Crime",7.9
"Drama, History, Romance, War, Documentation, Comedy, European",7.9
"Action, Scifi, Drama, Fantasy, European",7.9
"Animation, Comedy, Family, Fantasy, Music",7.9
"Action, Comedy, Drama, Family, Scifi, Animation",7.9
"Action, Crime, Animation, Thriller, Family",7.9
"Scifi, Animation, Comedy, Drama",7.9
"Documentation, History, War",7.8999999999999995
"Drama, Music, Romance, Family",7.8
"Drama, Romance, War, Action",7.8
"Fantasy, Action, Drama, Horror, Romance, Animation",7.8
"Action, History, Drama",7.8
"War, Documentation, History, European",7.8
"War, Thriller, Drama",7.8
"Animation, Family, Comedy",7.8
"Documentation, Family, History",7.8
"Drama, Romance, Thriller, Fantasy, Horror, Scifi",7.8
"Fantasy, Comedy, Family, Animation, Action",7.8
"Drama, History, Thriller, War, Action, European",7.8
"Documentation, Music, Comedy, History",7.8
"Drama, History, War, Action",7.8
"Western, Crime, Drama, Thriller",7.8
"Scifi, Animation, Action, Comedy, Drama, Fantasy, Romance, Family",7.8
"Drama, Comedy, Animation, Romance",7.8
"Scifi, Action, Comedy, Animation, Fantasy",7.8
"Action, Drama, Scifi, War, Animation",7.8
"Reality, Comedy, Drama, Scifi",7.8
"Scifi, Comedy, Crime, Drama, Horror",7.8
"Action, Drama, Crime, Thriller, Comedy",7.8
"Family, Comedy, Romance",7.8
"Action, Comedy, Reality, Romance, Thriller",7.8
"Drama, Thriller, Comedy, History, Romance, Action",7.8
"Action, Animation, Drama, Scifi, Sport",7.8
"Scifi, Action, Thriller, Animation, Fantasy",7.8
"Drama, Action, History, Crime",7.8
"Action, Scifi, Thriller, Drama, Romance",7.8
"Scifi, Music, Animation, Drama",7.8
"Documentation, Fantasy, European",7.8
"Action, Family, Comedy, Drama",7.8
"Scifi, Comedy, Family, Fantasy, Animation",7.8
"Comedy, Sport, Animation, Action, Family",7.8
"Scifi, Action, Family, Animation, Fantasy, Comedy, Drama",7.8
"Action, Scifi, Drama, Fantasy, Animation",7.75
"Animation, Action, Fantasy",7.7
"Family, Reality",7.7
"Fantasy, Animation, Comedy, Drama, Family",7.7
"Animation, Drama, Sport",7.7
"Documentation, Thriller",7.7
"Comedy, Drama, Action, Crime",7.7
"Animation, Action, Drama, Scifi, War",7.7
"Animation, Comedy, Drama, Family, Fantasy, Scifi",7.7
"Fantasy, Romance, Comedy",7.7
"Drama, Comedy, Romance, Documentation, European",7.7
"Romance, Documentation, Drama, European",7.7
"Fantasy, Drama, Horror, Animation, Action",7.7
"Thriller, Crime, Drama, Western",7.7
"Thriller, Documentation, Crime, Drama",7.7
"Scifi, Drama, Animation, Action, Fantasy",7.7
"Comedy, Drama, Sport, Animation",7.7
"Animation, Drama",7.7
"Scifi, Action, Comedy, Drama, Fantasy, Animation",7.7
"Reality, Documentation, Sport",7.7
"Comedy, Drama, Crime, Horror, Action",7.7
"Scifi, Drama, Thriller, Fantasy, Horror, Romance",7.7
"Drama, Action, Comedy, Fantasy",7.7
"War, History, Documentation",7.7
"Drama, Romance, Thriller, Animation, Crime, Fantasy",7.7
"Drama, Fantasy, Thriller, Crime",7.7
"Scifi, Romance, Drama, Fantasy",7.7
"Action, Drama, Fantasy, Horror, Scifi",7.7
"Comedy, Animation, Romance",7.7
"Reality, Comedy, Horror",7.7
"Family, Fantasy, Romance, Animation, Action",7.7
"Comedy, Scifi, Action, Animation, Family, Fantasy",7.7
"Action, Comedy, Drama, Family, Fantasy, Music, Romance, Animation",7.7
"War, Documentation",7.6999999999999993
"Comedy, Drama, Romance, Thriller",7.6666666666666661
"Documentation, History, Crime",7.6499999999999995
"Drama, Crime, Action",7.6333333333333337
"War, Crime, Drama, Thriller",7.6333333333333329
"Comedy, Music, Documentation",7.6000000000000005
"Drama, History, Music, Romance",7.6
"Thriller, Documentation, Crime, History",7.6
"Documentation, Drama, History, Romance, European",7.6
"Drama, Family, History, European",7.6
"Drama, History, European",7.6
"Music, Documentation, History",7.6
"Drama, War, Action, History, Romance",7.6
"Comedy, Animation, Action, Fantasy, Family",7.6
"Animation, Comedy, Family, Scifi",7.6
"Documentation, European, Drama, Family",7.6
"Fantasy, Thriller, Animation, Action",7.6
"Romance, War, Comedy, Drama, European",7.6
"Fantasy, Romance, Family",7.6
"Drama, Comedy, History",7.6
"Thriller, Comedy, Crime, Drama",7.6
"Western, Thriller, Action, Crime, Drama",7.6
"Action, Comedy, Sport, Crime",7.6
"Drama, Action, Scifi",7.6
"Documentation, History, War, European",7.6
"Drama, Scifi, Fantasy",7.6
"Documentation, Sport, Comedy, European",7.6
"Scifi, Action, Animation, Drama, Western, Comedy, Fantasy, Romance, Thriller",7.6
"Action, Animation, Drama, Fantasy, Thriller, Horror, Scifi",7.6
"Action, Scifi, Thriller, Animation, Drama, Fantasy",7.6
"Scifi, Animation, Action, Drama, Fantasy, Horror",7.6
"Comedy, Fantasy, Scifi, Animation",7.6
"Western, Drama, Crime",7.6
"Drama, Fantasy, Horror, Thriller, Crime",7.6
"Reality, Comedy, Documentation, European",7.6
"Action, Drama, Scifi, Thriller, Fantasy",7.6
"Animation, Action, Drama, War",7.6
"Action, Drama, Crime, Comedy",7.6
"Crime, Action, Drama, Documentation",7.6
"Western, Documentation, Action, Drama, Crime",7.6
"Scifi, Thriller, Comedy, Drama, Horror, European",7.6
"Scifi, Fantasy, Horror, Thriller, Family, Music",7.6
"History, Documentation, Family",7.6
"Scifi, Animation, Drama, Fantasy, Music, Comedy, Family",7.6
"Scifi, Action, Comedy, Fantasy, Animation, Family",7.6
"Scifi, Action, Family, Fantasy, Animation, Comedy",7.6
"Documentation, Family",7.5500000000000007
"Drama, Scifi, Comedy",7.5500000000000007
"Drama, Crime, European",7.5500000000000007
"Drama, Comedy, Crime, Romance",7.5500000000000007
"Comedy, Drama, Music, Romance",7.5333333333333332
"Fantasy, War, Animation, Action, Drama, Horror",7.5
"Documentation, Crime, Sport",7.5
"Drama, Romance, Thriller, Fantasy",7.5
"Documentation, Crime, Drama, Thriller, War",7.5
"Scifi, Thriller, Drama, European",7.5
"Fantasy, Drama, Animation, Romance, European",7.5
"Comedy, Animation, Action, Family, Fantasy",7.5
"Thriller, War, Crime, Drama, Romance",7.5
"Thriller, European, Drama, Scifi, Crime",7.5
"Thriller, Crime, Romance, Comedy, Drama",7.5
"Drama, Crime, History, European",7.5
"War, Action, Drama",7.5
"Animation, Thriller, History, Drama, Sport",7.5
"Fantasy, Drama, Thriller, Animation, Family, European",7.5
"Drama, Romance, History, War",7.5
"Romance, History, War, Action, Drama",7.5
"Drama, History, Sport, Action",7.5
"Scifi, Fantasy, Thriller, Drama",7.5
"Action, Fantasy, Animation, Comedy",7.5
"Scifi, Horror, Family, Animation, Action, Drama, Fantasy",7.5
"War, Drama, Action",7.5
"Action, Crime, Drama, Scifi",7.5
"Drama, Romance, Fantasy, Horror, Action, Animation, Comedy",7.5
"Scifi, Drama, Thriller, Action",7.5
"Action, Comedy, Fantasy, Romance, Drama",7.5
"Drama, Action, Fantasy, Horror, Romance",7.5
"Comedy, Family, Fantasy, Animation, European",7.5
"Comedy, Drama, Fantasy, Scifi",7.5
"Action, Documentation",7.5
"Drama, Thriller, Crime, Fantasy",7.5
"Crime, Drama, Comedy, Action",7.5
"Action, Drama, Fantasy, Thriller, Scifi",7.5
"Action, Drama, Romance, Thriller, Crime",7.5
"Drama, Music, Crime, Documentation, Reality",7.5
"Comedy, Crime, Drama, Thriller, Action",7.5
"Action, Scifi, Thriller, Drama, Fantasy, Horror",7.5
"Action, Family, Scifi, Animation",7.5
"War, Action, Drama, Thriller",7.5
"Action, Thriller, Crime, Romance, Drama",7.5
"Reality, Romance, Documentation",7.5
"Animation, Action, Comedy, Scifi",7.5
"Family, Fantasy, Animation, Action, Comedy",7.5
"Family, Animation, Action, Comedy",7.5
"Scifi, Animation, Comedy, Family, Fantasy, Action",7.5
"Crime, Documentation, Sport",7.45
"Drama, Thriller, Comedy, Crime",7.45
"Reality, Drama",7.44
"Drama, Family",7.4333333333333327
"Western, Drama",7.4333333333333327
"Drama, Crime, Comedy",7.4250000000000007
"Documentation, War",7.4249999999999989
"History, Documentation",7.4
"Crime, Drama, Documentation, Thriller",7.4
"Drama, Family, Horror, Action, Fantasy, Animation, Comedy, Scifi, Thriller",7.4
"Documentation, Action",7.4
"Scifi, Action, Drama, Fantasy, Animation",7.4
"Family, Animation, Drama, Fantasy",7.4
"Drama, European, History",7.4
"Comedy, Drama, Family, Fantasy, Animation, Action",7.4
"Thriller, Horror, Crime, Scifi",7.4
"Sport, Documentation",7.4
"Drama, Family, Music, Documentation",7.4
"Comedy, Action, Romance, Family, Drama",7.4
"Drama, Comedy, Sport",7.4
"Drama, History, Sport",7.4
"Drama, War, History, Thriller, Family",7.4
"Action, Crime, Thriller, Drama",7.4
"Thriller, Crime, Drama, Romance, Action",7.4
"Drama, War, Action, History",7.4
"Drama, Crime, Action, Thriller",7.4
"Crime, Thriller, Drama, Action",7.4
"Action, Drama, History, War",7.4
"Thriller, Scifi, Drama, Crime, Action",7.4
"Thriller, Drama, Documentation, Fantasy, Music, Romance, European",7.4
"Drama, Crime, Sport",7.4
"Scifi, Drama, Action",7.4
"Scifi, Thriller, Drama, Horror, Fantasy",7.4
"Comedy, Drama, Western",7.4
"Drama, History, War, Documentation, Action",7.4
"Drama, Thriller, Crime, Horror, European",7.4
"Action, Crime, Drama, Romance",7.4
"Scifi, Thriller, Drama, Fantasy",7.4
"Action, Reality, Animation, Family, Comedy, Drama",7.4
"Comedy, Family, Documentation, Animation",7.4
"Animation, Comedy, European",7.4
"Comedy, Family, Scifi, Animation, European",7.4
"Comedy, Family, Action, Animation, European",7.4
"Documentation, Drama",7.3999999999999995
"Scifi, Drama, Fantasy, Action",7.3999999999999995
"Crime, Thriller, Drama",7.3846153846153841
"Documentation, History",7.3590909090909085
"Drama, Comedy, Romance, Action",7.35
"Thriller, Drama, Documentation",7.35
"Documentation, History, European",7.3375
"Drama, History, Thriller",7.325
"Crime, Thriller, Drama, European",7.3249999999999993
"Comedy, Drama, Romance, European",7.3000000000000007
"Scifi, Drama, Fantasy, Horror",7.3000000000000007
"Fantasy, Animation, Comedy, Drama, Family, Scifi",7.3
"Animation, Comedy, Family, Horror, Scifi",7.3
"Scifi, Comedy, Fantasy, Romance",7.3
"Drama, Family, Fantasy, Comedy",7.3
"Documentation, Crime, History, Sport",7.3
"Music, Documentation, History, Drama, European",7.3
"Drama, Romance, History, Music",7.3
"Scifi, Animation, Action, Drama, War",7.3
"Romance, Drama, History, War",7.3
"Thriller, Action, European",7.3
"Thriller, Crime, Fantasy, Drama",7.3
"Drama, Action, Romance",7.3
"Fantasy, Romance, Animation, Drama, Family",7.3
"Drama, Romance, Sport",7.3
"Comedy, Action, Animation, Romance, Family, Horror, Drama, Scifi",7.3
"Animation, Fantasy, Action, Romance, Comedy",7.3
"Western, Action, European",7.3
"Drama, Scifi, Action",7.3
"Drama, Crime, History, Thriller",7.3
"Drama, Action, Sport",7.3
"Drama, Comedy, Crime, Romance, Action",7.3
"Documentation, Crime, Drama",7.3
"Crime, Drama, Thriller, European",7.3
"Thriller, Crime, Drama, War, Romance",7.3
"Comedy, Thriller, Romance, Drama",7.3
"Western, Comedy, Drama, Romance",7.3
"Drama, History, Romance, War",7.3
"Drama, Thriller, Reality",7.3
"Scifi, Animation, Drama, Fantasy, Romance",7.3
"Scifi, Action, Drama, Animation",7.3
"Scifi, Romance, Animation, Action, Drama, Fantasy, Horror",7.3
"Scifi, Action, Animation, Comedy, Crime",7.3
"Action, Scifi, Western, Drama, Fantasy, Thriller",7.3
"Action, Fantasy, Thriller, Comedy, Family, Scifi, Romance, Animation",7.3
"Family, Comedy, Drama",7.3
"Scifi, Sport, Documentation, Reality",7.3
"Animation, Action, Comedy, Crime, Drama, Romance",7.3
"Documentation, Sport, Comedy, Drama",7.3
"Action, Drama, Romance",7.3
"Drama, Sport, Thriller, Crime",7.3
"Documentation, Drama, History, Romance, War",7.3
"War, Crime, Documentation, Thriller, Comedy, Drama",7.3
"Documentation, Drama, Thriller, Crime",7.3
"Scifi, Drama, Horror, Thriller",7.3
"Drama, Scifi, Thriller, Horror",7.3
"Crime, Sport, Documentation",7.3
"Scifi, Action, Drama, Thriller, Family",7.3
"Reality, Action",7.3
"Animation, Comedy, Fantasy",7.3
"Comedy, Family, Fantasy, Animation, Action",7.3
N/A,7.2799999999999994
"Drama, War",7.2749999999999995
"Documentation, Sport, Reality",7.25
"Drama, Comedy, Crime, European",7.25
"Animation, Comedy, Family, European",7.2333333333333325
Crime,7.2333333333333325
"Fantasy, Animation, Action",7.2166666666666668
"Documentation, Music",7.2025641025641018
"Comedy, Crime, Family, Fantasy, Scifi, Animation, Action, European",7.2
"Comedy, Horror, Scifi, European",7.2
"Scifi, Comedy, Drama, Fantasy",7.2
"Fantasy, Scifi, Animation, Action, Drama",7.2
"Drama, European, Romance, Family, Documentation",7.2
"Documentation, Crime, Music",7.2
"Drama, Family, Scifi",7.2
"Thriller, War, Drama, Action, History, European",7.2
"Drama, Thriller, Comedy",7.2
"Drama, Family, Thriller, Crime",7.2
"Thriller, Drama, History, European",7.2
"Scifi, Drama, War, Animation, Action",7.2
"Thriller, War, Action, Drama, History, European",7.2
"Drama, Crime, Action, Romance",7.2
"Comedy, Animation, Family, Fantasy, European",7.2
"Fantasy, Action, Comedy, Animation",7.2
"Fantasy, Drama, Animation, Action",7.2
"Thriller, Crime, Action, Drama",7.2
"Drama, Documentation, Crime, Romance",7.2
"Drama, Action, Crime, Comedy",7.2
"War, Drama",7.2
"Scifi, Drama, Comedy",7.2
"Scifi, Comedy, Fantasy, Animation, Action",7.2
"Scifi, Animation, Action, Fantasy",7.2
"Comedy, Drama, Action, Scifi, Animation",7.2
"Action, Animation, Drama, Thriller",7.2
"Crime, History, Fantasy, Drama, European",7.2
"Crime, History, Documentation",7.2
"Drama, Comedy, Scifi",7.2
"Comedy, Romance, Animation",7.2
"Romance, Fantasy, Comedy, Drama",7.2
"Scifi, Comedy, Family, Fantasy, Drama, Animation, Action",7.2
"Drama, Scifi, Fantasy, Family",7.2
"Animation, Action, Drama, Family, Fantasy",7.2
"Action, Animation, Family",7.2
"Scifi, Action, Family, Fantasy, Animation, Comedy, Drama",7.2
"Drama, Family, Animation, European",7.2
"Action, Comedy, Family, Fantasy, Scifi, Animation",7.2
"Scifi, Comedy, Family, Fantasy, Animation, Action, European",7.2
"Comedy, Family, Fantasy, Scifi, Animation, Action",7.2
"Scifi, Family, Fantasy, Animation, Comedy",7.2
"Scifi, Fantasy, Family, European",7.2
"Thriller, Crime, Drama, Scifi",7.1999999999999993
"Drama, History, War",7.1999999999999993
"Thriller, Comedy, Crime, Action",7.1999999999999993
"Action, Animation, Fantasy",7.16
"Comedy, Fantasy",7.1499999999999995
"Documentation, Sport",7.1363636363636358
"Drama, Documentation",7.125
"Drama, Thriller, Crime, European",7.125
"Drama, Action, Crime, Thriller",7.125
"Reality, European",7.1249999999999991
"Reality, Documentation",7.1222222222222227
"Drama, Comedy, Crime",7.1181818181818182
"Animation, Comedy, Drama, Family",7.1
"Animation, Comedy",7.1
"Animation, Scifi, Action, Drama, Fantasy, Thriller, Horror",7.1
"Documentation, Sport, War",7.1
"Action, War, Drama",7.1
"Comedy, Music, Scifi",7.1
"Thriller, European, Crime, Drama",7.1
"Thriller, Scifi, Drama, Crime, Horror",7.1
"Fantasy, Drama, Romance",7.1
"Drama, War, History, Documentation, European",7.1
"Fantasy, Action, European",7.1
"Thriller, War, Drama, European",7.1
"Drama, Romance, Comedy, History",7.1
"Romance, Family, History, Drama",7.1
"Action, Thriller, Crime, European",7.1
"Comedy, Animation, Action, Family, Fantasy, Drama",7.1
"Drama, Animation, Family, Comedy, Fantasy",7.1
"Horror, Thriller, Animation, Action, Fantasy, Comedy",7.1
"Horror, European",7.1
"Crime, Action, History",7.1
"Scifi, Thriller, Fantasy, Drama",7.1
"Thriller, Action, Crime, Western, European",7.1
"Crime, Drama, Comedy, War",7.1
"Horror, Drama, Fantasy, Thriller, European",7.1
"Drama, European, War, Romance",7.1
"Action, Scifi, Horror",7.1
"Scifi, Action, Fantasy, War, Animation",7.1
"Scifi, Animation, Drama, Fantasy",7.1
"Scifi, Romance, Animation, Action, Drama, Fantasy",7.1
"Crime, Horror, Thriller, Comedy, Drama",7.1
"Crime, Drama, History",7.1
"War, Drama, History, European",7.1
"Scifi, Crime, Fantasy, Romance, Comedy",7.1
"Drama, Romance, Comedy, Fantasy",7.1
"Comedy, Family, Animation, Drama, Horror, Thriller",7.1
"Comedy, Romance, Family",7.1
"Scifi, Action, Drama, Thriller, Horror, Animation, Fantasy, Crime",7.1
"Drama, Fantasy, Animation, Action, Crime",7.1
"Crime, Thriller, Drama, Documentation, Comedy, Romance",7.1
"Scifi, Drama, Animation, Action, Crime, Fantasy",7.1
"Drama, Scifi",7.1
"War, Action, Drama, History, Romance",7.1
"Drama, Music, Thriller",7.1
"Scifi, Drama, Fantasy, Thriller",7.1
"Reality, Documentation, Comedy, History",7.1
"Thriller, Horror, Family, Drama, Fantasy",7.1
"Comedy, Family, Action, Animation",7.1
"Animation, Action, Comedy, Family, Fantasy, Scifi",7.1
"Comedy, Scifi, Animation, Drama, Family",7.1
Documentation,7.0913580246913588
"Comedy, Drama, Crime",7.0777777777777766
"Documentation, Comedy",7.0666666666666673
"Fantasy, Drama, European",7.0666666666666664
"Drama, Thriller, Crime",7.0517241379310329
"Romance, Crime, Drama",7.0500000000000007
"Thriller, Crime, Drama, Horror",7.05
"Drama, Romance, European",7.0444444444444443
"Documentation, Crime, History",7.0333333333333332
"Action, Drama, History",7.025
"Drama, History",7.0050000000000008
"Animation, Documentation",7.0
"Drama, Crime, Fantasy, Action, Thriller",7.0
"Documentation, Music, Crime",7.0
"Action, Fantasy, Scifi, Drama",7.0
"Documentation, Music, Drama",7.0
"Action, Drama, Fantasy, Horror, Thriller",7.0
"Horror, Scifi, Thriller, European",7.0
"Drama, Comedy, Sport, European",7.0
"Romance, Drama, European, War",7.0
"Crime, Thriller, Action, Comedy",7.0
"Drama, Thriller, Action, Sport",7.0
"Comedy, Fantasy, Animation, Family, Drama",7.0
"Fantasy, Animation, Drama, Family",7.0
"Romance, Drama, War",7.0
"Drama, Romance, Thriller, Action, Comedy",7.0
"Comedy, Romance, Scifi",7.0
"Action, Animation, Comedy, Drama, Fantasy",7.0
"Comedy, Drama, Fantasy",7.0
"Drama, War, History",7.0
"Thriller, Action, War, European",7.0
"Drama, Action, Crime, Thriller, Documentation",7.0
"Drama, Crime, Thriller, European",7.0
"Crime, Drama, History, Action, European",7.0
"Drama, Romance, Thriller, Comedy",7.0
"Scifi, Action, Animation, Drama, Fantasy, Music, Romance",7.0
"Crime, Drama, Documentation, Fantasy",7.0
"Drama, History, War, Documentation",7.0
"Comedy, Drama, Family, Action, Documentation",7.0
"Crime, Action, Fantasy, Horror, Thriller, Animation, Scifi",7.0
"Action, Crime, Drama, Comedy",7.0
"Drama, Comedy, Fantasy, Romance",7.0
"Reality, Crime, Thriller",7.0
"Thriller, Drama, Fantasy, Horror, Scifi",7.0
"War, Thriller",7.0
"Comedy, Scifi, Drama, History",7.0
"Comedy, Fantasy, Animation, Action, Scifi",7.0
"Drama, Romance, History",7.0
"Comedy, Drama, Fantasy, Scifi, Thriller, Action",7.0
"Drama, Music",6.9999999999999991
"Drama, History, Action",6.9999999999999991
"Scifi, Action, Drama",6.9999999999999991
"Drama, Sport",6.9833333333333334
"Drama, Action, History, War",6.9666666666666668
"Drama, Crime",6.9634146341463419
"Music, Documentation",6.9600000000000009
"Animation, Action, Scifi",6.95
"Drama, Horror, Thriller, European",6.95
"Fantasy, Family, Comedy",6.95
"Crime, Documentation, Drama",6.9499999999999993
"Comedy, Crime, Action",6.9499999999999993
"Comedy, Documentation",6.94945054945055
"Drama, Action, Crime",6.9285714285714288
"Crime, Documentation",6.9259259259259247
"Drama, Comedy, Music",6.925
"Comedy, Animation, Fantasy, Scifi, Action, Family",6.9
"Documentation, Crime, History, Music",6.9
"Drama, War, Animation, History, European",6.9
"Crime, Documentation, European",6.9
"War, Drama, Crime, European",6.9
"Action, Crime, Thriller, European",6.9
"Drama, Action, Thriller, Comedy, Crime",6.9
"Comedy, Thriller, Horror, Action",6.9
"Thriller, War, Drama, Action, Scifi, European",6.9
"Crime, Drama, Romance, Comedy",6.9
"Thriller, Drama, Music, European",6.9
"Comedy, Romance, Family, Drama",6.9
"Romance, Crime, Comedy",6.9
"Animation, Drama, Western, European",6.9
"Animation, Drama, Romance, Comedy, Family, Fantasy, Scifi",6.9
"Fantasy, Family, Action, War, Drama, Thriller, Animation",6.9
"Comedy, Drama, Family, Romance, European",6.9
"Drama, Comedy, Animation, Action",6.9
"Drama, Sport, Action",6.9
"Drama, Action, Thriller, Crime, Comedy",6.9
"Western, Crime",6.9
"Drama, Documentation, Crime",6.9
"Drama, Music, Comedy",6.9
"Fantasy, Scifi, Drama, Comedy",6.9
"Drama, Romance, Western",6.9
"Scifi, Drama, Animation, Fantasy",6.9
"Scifi, Crime, Fantasy, Horror, Action",6.9
"Action, Comedy, Thriller",6.9
"Comedy, Drama, Family, Music, Romance, Sport",6.9
"Horror, Drama, Scifi, Thriller",6.9
"Scifi, Fantasy, Horror, Action, Comedy",6.9
"Drama, Comedy, Action, Family, Music",6.9
"Comedy, Drama, Crime, Documentation",6.9
"Action, Scifi, Crime, Drama",6.9
"Comedy, Fantasy, Animation, Family, European",6.9
"Animation, Action, Scifi, Comedy, Family, Fantasy",6.9
"Crime, Drama, Action, Thriller",6.8999999999999995
"Animation, Comedy, Family",6.871428571428571
"Action, Animation",6.8666666666666663
"Family, Drama",6.85
"Drama, Sport, European",6.85
"Scifi, Drama",6.85
"Thriller, Drama, Horror, Scifi",6.85
"Documentation, Crime, Thriller",6.8333333333333339
"Drama, Comedy, Romance",6.8055555555555545
"Crime, Drama, European",6.8000000000000007
"War, Action, Drama, History",6.8000000000000007
"Drama, Family, Music",6.8000000000000007
"Comedy, Animation, Family, Fantasy, Scifi",6.8
"Crime, Documentation, Thriller, Drama",6.8
"Comedy, Fantasy, Romance, Action, Animation, Family, European",6.8
"Documentation, Drama, European",6.8
"Drama, Thriller, Crime, Documentation, European",6.8
"Documentation, Drama, History",6.8
"Drama, Crime, Thriller, Family",6.8
"Drama, Thriller, Crime, History",6.8
"Drama, Romance, Comedy, Family",6.8
"Fantasy, Action, Animation",6.8
"Comedy, Action, Thriller",6.8
"Drama, Action, History, War, Thriller",6.8
"Fantasy, Animation, Family, European",6.8
"Comedy, Family, Fantasy, European",6.8
"Fantasy, Scifi, Drama, Comedy, Family, Animation, Action",6.8
"Action, Family, Animation, History, Scifi, Romance, Comedy, Fantasy",6.8
"Drama, Fantasy, Romance, Documentation",6.8
"Drama, Family, Sport, Fantasy",6.8
"Fantasy, Animation, Family, Music, Comedy",6.8
"Thriller, Horror, War, Drama, Fantasy",6.8
"Romance, Animation, Comedy, Drama",6.8
"Romance, Comedy, Drama, Music",6.8
"Thriller, Scifi, Action, Drama",6.8
"Action, Thriller, European",6.8
"Action, Thriller, Western, Comedy, Romance",6.8
"Drama, Documentation, War, Thriller",6.8
"Animation, Drama, Comedy, Thriller",6.8
"Thriller, Action, Drama, European",6.8
"Scifi, Drama, Thriller, Action, Crime",6.8
"Thriller, Drama, Action, Crime, Fantasy, Scifi",6.8
"Thriller, History, Crime, Drama, European",6.8
"Scifi, Drama, Romance",6.8
"Comedy, Crime, Animation, Action",6.8
"Scifi, Drama, Fantasy, Horror, Thriller, Family",6.8
"Scifi, Fantasy, Crime, Drama",6.8
"Crime, Drama, Romance",6.8
"Action, Crime, Horror, Thriller, War",6.8
"Drama, History, Action, Thriller, Comedy, Documentation",6.8
"Scifi, Romance, Comedy, Drama",6.8
"Drama, Thriller, Crime, History, War, Documentation",6.8
"Scifi, Fantasy, Thriller, Action, Drama, War",6.8
"Action, Thriller, Drama, Romance",6.8
"Scifi, Comedy, Family, Animation",6.8
"Action, Comedy, Family, Animation",6.8
"Action, Family, Animation, Comedy",6.8
"Drama, Crime, Thriller",6.7999999999999989
"Drama, Comedy",6.7857142857142838
Animation,6.7710526315789483
"Thriller, Drama, Crime",6.7666666666666675
"Action, Drama, Crime, Thriller",6.7666666666666666
"Comedy, Family, Music",6.75
"Drama, Comedy, Fantasy, Music",6.75
"Comedy, Family, Fantasy, Animation",6.75
"Crime, Drama, Thriller",6.7499999999999991
"Action, Crime, Drama",6.7333333333333334
"Crime, Comedy, Drama",6.7333333333333334
"Documentation, Crime",6.7318181818181824
"Thriller, Crime, Drama",6.73125
"Comedy, Drama",6.7210526315789458
"Thriller, Drama, Family",6.7
"Animation, Action, Drama",6.7
"Family, Scifi, Thriller",6.7
"Comedy, Music, Romance",6.7
"Action, Thriller, Drama, Crime, Romance",6.7
"Drama, Romance, War, European",6.7
"Drama, Fantasy, Romance, Comedy",6.7
"Drama, Thriller, Comedy, Crime, European",6.7
"Drama, Western, History",6.7
"Comedy, Crime",6.7
"Fantasy, Drama, Family, Romance, Animation",6.7
"Drama, Horror",6.7
"Comedy, Thriller, Crime",6.7
"Drama, Action, Romance, Thriller",6.7
"Documentation, Animation, European",6.7
"Thriller, Action, Comedy, Drama",6.7
"Drama, Romance, Family",6.7
"History, Action, War",6.7
"Comedy, Animation, Drama, Family",6.7
"Family, Fantasy, Drama",6.7
"Crime, Action, Thriller",6.7
"Comedy, Drama, Fantasy, Romance, Thriller, Action",6.7
"Fantasy, Animation, Action, Family",6.7
"Drama, Romance, Fantasy, Comedy",6.7
"Drama, Action, Comedy, Scifi",6.7
"Scifi, Thriller, Horror, Drama",6.7
"Horror, Thriller, European",6.7
"Thriller, Action, Crime, Drama, Sport",6.7
"Crime, Thriller, Drama, Horror, European",6.7
"Crime, Scifi, Thriller, Animation, Action, Comedy, European",6.7
"Thriller, Drama, War, History, European",6.7
"Thriller, Fantasy, Scifi, Action, Horror",6.7
"Comedy, Horror, Reality, Scifi, Thriller",6.7
"Reality, Documentation, Romance",6.7
"Drama, Family, Music, Comedy",6.7
"Thriller, Drama, Romance, Crime",6.7
"Scifi, War, Drama",6.7
"Scifi, Family, Fantasy",6.7
"Scifi, Action, Comedy, Drama, Family, Fantasy, Romance",6.7
"Scifi, Action, History, Horror, Animation",6.7
"Action, Animation, Drama, Sport",6.7
"Scifi, Drama, Fantasy, Horror, Thriller, Comedy, Action",6.7
"Crime, Drama, Music",6.7
"Drama, Horror, Thriller, Crime",6.7
"Scifi, Horror, Drama, Fantasy, Crime, Thriller",6.7
"Scifi, Animation, Comedy, Family",6.7
"Action, Animation, Comedy, Family, Fantasy",6.7
"Drama, Thriller, Crime, Horror",6.6999999999999993
"Drama, Scifi, Thriller, Fantasy",6.6999999999999993
"Action, Drama, Thriller, Crime",6.6999999999999993
"Scifi, Action, Drama, Thriller",6.6999999999999993
"Comedy, Drama, European",6.6769230769230781
Drama,6.67638376383764
"Documentation, European",6.6720000000000006
"Scifi, Drama, Fantasy",6.666666666666667
"Drama, Romance",6.6633928571428571
"Comedy, Drama, Family, Romance",6.66
"Thriller, Crime, Drama, European",6.66
"Drama, Thriller",6.65952380952381
"Drama, Comedy, European",6.6571428571428566
"Drama, European",6.6547619047619033
"Family, Fantasy, Animation, Comedy",6.65
"Animation, Comedy, Family, Action",6.65
"Thriller, Drama, Romance, European",6.65
"Thriller, Crime, Action, European",6.65
"Thriller, Comedy, Drama",6.65
"Scifi, Animation, Fantasy",6.65
"Comedy, Drama, Family, Sport",6.6499999999999995
"Scifi, Drama, Thriller",6.64
"Drama, Music, Romance",6.6333333333333329
"Drama, Romance, Comedy",6.6037037037037036
"Animation, Comedy, Family, Fantasy, Scifi",6.6
"Fantasy, Family, Animation, Comedy",6.6
Music,6.6
"Documentation, Comedy, Drama",6.6
"Documentation, Drama, Family, European",6.6
"Drama, Comedy, Romance, War",6.6
"Drama, Comedy, Documentation, European",6.6
"Drama, War, European",6.6
"Thriller, Fantasy, Action, Comedy",6.6
"Romance, Drama, Thriller, Action, Crime",6.6
"Fantasy, Animation, Drama, Family, Comedy",6.6
"Comedy, Animation, Family, Fantasy, Action",6.6
"Animation, Action, Family, Scifi, Comedy",6.6
"Comedy, Animation, Family, Scifi",6.6
"Fantasy, Scifi, Comedy, Family, Animation",6.6
"Drama, Comedy, Romance, Thriller, Crime",6.6
"Drama, Animation, Romance",6.6
"Comedy, Action, Animation, Fantasy",6.6
"Drama, Romance, Scifi, Animation, Action",6.6
"Thriller, Drama, Romance, Action, European",6.6
"Scifi, Thriller, Animation, Action, Drama",6.6
"Drama, History, Romance, Thriller, War",6.6
"Action, Comedy, Documentation",6.6
"Drama, Thriller, War, Action",6.6
"Fantasy, Action, Thriller",6.6
"Thriller, Fantasy, Drama",6.6
"Scifi, Fantasy, Action, Drama",6.6
"Comedy, Drama, Sport, Romance",6.6
"Action, Scifi, Animation, Drama, Fantasy",6.6
"Action, Drama, Scifi, Comedy, Horror, Romance",6.6
"Drama, Thriller, Scifi",6.6
"Thriller, Animation, Action, Drama, Sport",6.6
"Action, Horror, Scifi, Thriller, Animation",6.6
"Crime, Drama, Scifi, Thriller, Action",6.6
"Thriller, Crime, Reality",6.6
"Scifi, Comedy, Crime, Drama, Fantasy, Action",6.6
"Drama, Fantasy, Thriller, Action",6.6
"Scifi, Horror, Thriller, Crime, Drama, Fantasy",6.6
"Scifi, Fantasy, Animation, Action, Drama, Family",6.6
"Family, Animation, Comedy, Fantasy, Western, Action",6.6
"Action, Animation, Comedy, Family, Fantasy, European",6.6
"Action, Animation, Comedy, Drama, Family, Western, Documentation",6.6
"Action, Drama",6.5833333333333339
"Crime, Drama",6.5833333333333321
"Fantasy, Comedy, Family, Romance, Animation",6.5666666666666664
"Scifi, Thriller, Action, Drama",6.5600000000000005
"Romance, Comedy, Drama, European",6.5500000000000007
"Thriller, Action, Drama, Romance",6.5500000000000007
"Comedy, Drama, Family",6.55
"Animation, Action, Comedy, Family",6.55
"Drama, Crime, Thriller, Action",6.55
"Thriller, Drama, Crime, Action",6.55
"Action, Crime, Drama, Thriller",6.5375
"Crime, Documentation, History",6.5333333333333332
"Action, Scifi, Animation",6.525
"Reality, Music",6.5200000000000005
"Drama, Thriller, Action, Crime",6.5062500000000014
"Comedy, Romance, Drama",6.5
"Comedy, Fantasy, Drama, Crime",6.5
"Comedy, Family, Scifi, Animation, Action",6.5
"Drama, Comedy, Horror, Thriller",6.5
"Animation, Drama, Scifi, Thriller, Action, Crime",6.5
"Romance, Comedy, Documentation, European",6.5
"Drama, Documentation, History",6.5
"Fantasy, Horror, Drama",6.5
"Horror, Scifi, Thriller, Fantasy, Drama",6.5
"Drama, European, Family, War",6.5
"Thriller, Animation, Fantasy, Scifi, Drama, Family",6.5
"Fantasy, Thriller, Action, Drama, Family",6.5
"Scifi, Thriller, Animation, Action, Drama, Fantasy, Romance, Sport",6.5
"Animation, Family, Fantasy, Comedy",6.5
"Action, Animation, Family, Fantasy",6.5
"Romance, Drama, Documentation, Sport, Animation, Family",6.5
"Music, Family, Fantasy",6.5
"Drama, Animation, Music",6.5
"Crime, History, Thriller, Documentation",6.5
"Thriller, Scifi, Fantasy, War, Action",6.5
"Western, Drama, History",6.5
"Crime, Scifi, Drama, Thriller, Action, Comedy",6.5
"Drama, History, War, European",6.5
"Thriller, Drama, Crime, Horror",6.5
"Horror, Fantasy, Thriller",6.5
"Western, Thriller, Action, Romance",6.5
"Thriller, Action, Animation",6.5
"Thriller, Drama, Horror, Romance, Fantasy",6.5
"Thriller, Action, Drama, War",6.5
"Thriller, Action, Fantasy, Scifi, Comedy, Drama",6.5
"Action, Drama, Western",6.5
"Scifi, Animation, Action, Thriller",6.5
"Fantasy, Action, Comedy, Drama, Family",6.5
"Scifi, Action, Drama, Horror, Thriller",6.5
"Action, Scifi, Fantasy, Drama",6.5
"Fantasy, Horror, Scifi, Crime, Drama",6.5
"Animation, Family, Comedy, Sport, Scifi, Action",6.5
"Horror, Music, Animation, Comedy, Family, Fantasy, Scifi",6.5
"Scifi, Family, Fantasy, Horror, Thriller, Drama",6.5
"Documentation, Animation, Scifi",6.5
"Family, Comedy, Music, Action, Animation, Fantasy, Drama",6.5
"Action, Animation, Scifi",6.5
"Scifi, Action, Fantasy, Family",6.5
"Animation, Scifi, Action, Comedy, Drama, Fantasy, Thriller",6.5
"History, Drama",6.4999999999999991
"Thriller, Action, Drama",6.4916666666666663
"Comedy, Reality",6.4874999999999989
"Drama, Family, Romance",6.475
"Action, Crime",6.4666666666666668
"Comedy, Drama, Romance",6.4583333333333348
"Thriller, Action, Crime, Drama",6.453333333333334
"Comedy, Music",6.45
"Drama, Romance, Thriller, Crime",6.45
"Thriller, Action, Crime, Drama, European",6.45
"Thriller, Crime",6.4399999999999995
"Thriller, Crime, European",6.4333333333333336
"Thriller, Drama, Action, Crime",6.4333333333333336
"Action, Drama, Romance, Crime",6.4333333333333336
"Drama, Thriller, European",6.4250000000000007
"Comedy, Animation, Family",6.425
"Scifi, Action, Drama, Fantasy",6.425
"Drama, Comedy, Family",6.4
"Scifi, Family, Drama",6.4
"Comedy, Family, Sport, Drama",6.4
"Animation, Comedy, Family, Music",6.4
"Fantasy, Comedy, Family, Scifi, Animation, Action",6.4
"Drama, Comedy, Family, Documentation",6.4
"Drama, History, Thriller, Horror, Action",6.4
"Drama, Fantasy, Horror, Thriller, European",6.4
"Action, Family, Fantasy, Animation",6.4
"Drama, Romance, Music",6.4
"Comedy, Music, Romance, Drama",6.4
War,6.4
"Romance, Drama, Horror",6.4
"Crime, Drama, Thriller, Action, Comedy",6.4
"Romance, Drama, Action",6.4
"Crime, Drama, Action",6.4
"Comedy, Fantasy, Animation, Family, Music, Romance",6.4
"Fantasy, Comedy, Drama, Animation, Action",6.4
"Drama, Scifi, Romance, Thriller",6.4
"Comedy, Action, Fantasy",6.4
"Drama, Crime, Thriller, Animation, Action",6.4
"Horror, Thriller, Drama, European",6.4
"Horror, Fantasy, Drama, Thriller, Comedy",6.4
"Thriller, Drama, History, Romance",6.4
"Thriller, European, Drama",6.4
"Action, Thriller, Crime, Fantasy",6.4
"Comedy, Horror, Action, Crime, Thriller, Romance, Scifi",6.4
"Action, Comedy, Animation, Family, Fantasy",6.4
"Music, Reality",6.4
"Scifi, Horror",6.4
"Scifi, Animation, Action, Comedy, Crime, Fantasy",6.4
"Action, Scifi, Animation, Drama",6.4
"Scifi, Action, Crime, Drama, Fantasy",6.4
"Drama, Thriller, Fantasy, Horror",6.4
"Scifi, Crime, Drama",6.4
"Drama, Animation, Fantasy, Thriller",6.4
"Scifi, Action, Comedy, Fantasy",6.4
"Animation, Family, Music",6.4
"Animation, Fantasy, Scifi, Comedy, Family",6.4
"Action, Scifi, Comedy, Family, Animation",6.4
"Scifi, Animation, Action",6.3875
"Drama, Comedy, Romance, European",6.3666666666666671
"Family, Animation",6.3666666666666663
"Comedy, Drama, Thriller, Crime",6.35
"Action, Crime, Drama, Thriller, European",6.35
"Action, Animation, Comedy, Family",6.35
"Thriller, Drama, Scifi",6.34
"Crime, Action",6.3333333333333339
"Action, Fantasy",6.333333333333333
"Crime, Thriller",6.325
Reality,6.3115384615384595
"Family, Animation, Horror",6.3
"Scifi, Family, Animation",6.3
"Comedy, Family, Fantasy, Music, Animation, European",6.3
"Scifi, Thriller, Drama, Romance, Comedy",6.3
"Drama, Crime, Romance",6.3
"Documentation, Drama, Thriller",6.3
"Comedy, Music, Action",6.3
"Comedy, Fantasy, Sport",6.3
"Action, Drama, Thriller",6.3
"Horror, Thriller, Comedy, Fantasy, European",6.3
"Drama, Action, Crime, Thriller, Animation, Comedy, Romance",6.3
"Comedy, Crime, European",6.3
"Thriller, Drama, Music",6.3
"Drama, Sport, Thriller, Action",6.3
"Drama, Thriller, History",6.3
Scifi,6.3
"Drama, History, Thriller, Action, Crime, European",6.3
"Thriller, Romance, Drama",6.3
"Family, Romance",6.3
"Crime, Drama, Family",6.3
"Comedy, Family, Romance, Drama",6.3
"Comedy, Animation, Drama, Family, Fantasy",6.3
"Animation, Action, Comedy, Crime, Family, Fantasy, Scifi",6.3
"Comedy, Family, Fantasy, Scifi, Drama, Animation",6.3
"Family, Fantasy, Scifi, Romance, Animation, Comedy",6.3
"Drama, Comedy, Crime, Romance, Thriller, European",6.3
"Action, Comedy, Romance",6.3
"Thriller, Horror, Scifi, Documentation",6.3
"Comedy, Action, Drama",6.3
"Scifi, Action, Thriller",6.3
"Comedy, Crime, Thriller, Action",6.3
"Crime, Comedy, European",6.3
"Comedy, Romance, Action",6.3
"Drama, Comedy, Crime, History",6.3
"Thriller, Scifi, Action, European",6.3
"Thriller, Fantasy, Action, Crime, Scifi",6.3
"Comedy, Crime, Drama, Thriller",6.3
"Comedy, Drama, Fantasy, Romance",6.3
"Crime, Family, Documentation",6.3
"Action, Animation, Comedy, Drama, Fantasy, Family",6.3
"Scifi, Drama, Animation, Action, Horror, Romance",6.3
"Crime, Comedy, Drama, Thriller",6.3
"Animation, Comedy, Fantasy, Action",6.3
"Animation, Comedy, Family, Horror",6.3
"Animation, Family, Comedy, European",6.2999999999999989
"Drama, Action",6.2842105263157872
"Horror, Comedy",6.2799999999999994
"Scifi, Comedy, Fantasy",6.2666666666666666
Comedy,6.26636155606407
"Thriller, Drama, History",6.25
"Crime, Thriller, Action",6.25
"Crime, Thriller, European",6.25
"Drama, Scifi, Thriller, Action, Crime",6.25
"Comedy, Sport",6.225
"Drama, Fantasy",6.225
"Scifi, Thriller, Action",6.225
"Scifi, Thriller, Drama",6.2142857142857135
"Romance, Drama",6.2113207547169811
"Animation, Family",6.2079999999999993
"Animation, Action, Thriller, Fantasy, Drama, Family, Music, Comedy",6.2
"Fantasy, Romance, Family, Drama",6.2
"Animation, Comedy, Family, Fantasy",6.2
"Scifi, Drama, Family",6.2
"Drama, Fantasy, Comedy",6.2
"Crime, Action, Comedy",6.2
"Comedy, Family, Fantasy, Romance, European",6.2
"Horror, Crime, Documentation, Drama, Thriller",6.2
"Thriller, Drama, Romance, Scifi",6.2
"Drama, Fantasy, Romance, Scifi",6.2
"Drama, History, Sport, Thriller, European",6.2
"Crime, Drama, Scifi",6.2
"Action, Crime, Horror, Thriller, Drama",6.2
"Comedy, Drama, European, Romance",6.2
"Action, Thriller, Crime",6.2
"Music, Comedy, Drama",6.2
"Drama, Action, Romance, Family, Fantasy",6.2
"Action, Comedy, Crime, Drama, Thriller",6.2
"Animation, Comedy, Family, Fantasy, Scifi, Action",6.2
"Fantasy, Family, Comedy, Action, Animation, Crime, Drama",6.2
"Comedy, Fantasy, Reality",6.2
"Romance, Animation, Drama",6.2
"Drama, Fantasy, Horror, Thriller",6.2
"Comedy, Fantasy, Romance, Drama",6.2
"Thriller, Scifi, Crime, Action",6.2
"Comedy, War",6.2
"Comedy, Documentation, Music",6.2
"Horror, Crime",6.2
"Horror, Scifi, Thriller, Drama",6.2
"Thriller, Comedy, Crime, Action, Drama",6.2
"Thriller, Crime, Scifi",6.2
"Drama, History, Romance, Documentation",6.2
"Drama, Action, Thriller",6.2
"Drama, Romance, Thriller",6.2
"Scifi, Animation, Action, Drama",6.2
"Scifi, Animation, Action, Thriller, Crime, Drama",6.2
"Crime, Drama, Scifi, Thriller",6.2
"Animation, Family, European",6.2
"Action, Comedy, Family, Fantasy, Animation, Thriller, European",6.2
"Action, Comedy, Scifi, Animation",6.2
"Scifi, Family, Fantasy, Comedy",6.2
"Scifi, Drama, Fantasy, Thriller, Animation, Action",6.2
"Scifi, Action, Drama, Fantasy, Thriller, Animation",6.2
"Drama, Comedy, Music, Romance, Family",6.2
"Drama, Scifi, Horror, Romance, Thriller",6.2
"Animation, Comedy, Family, Fantasy, Action",6.2
"Comedy, Family, Fantasy, Animation, Action, European",6.2
"Action, Animation, Scifi, Western, Fantasy, Comedy, Family",6.2
"Action, Reality",6.1999999999999993
"Comedy, Family, Animation",6.1916666666666664
"Romance, Drama, Comedy",6.1733333333333338
"Fantasy, Animation",6.166666666666667
"Action, Comedy, Family, Fantasy, Animation",6.166666666666667
"Comedy, Drama, Music",6.166666666666667
"Horror, Drama, Fantasy, European",6.15
Fantasy,6.15
"Comedy, European",6.1411764705882348
"Action, Thriller, Crime, Drama",6.1400000000000006
"Animation, Action, Comedy, Family, Fantasy",6.1333333333333329
"Comedy, Action, Crime, Thriller",6.1333333333333329
"Thriller, Action",6.1176470588235281
"Animation, Comedy, Scifi, Action",6.1
"Family, Fantasy, Animation, Action",6.1
"Animation, Comedy, Action",6.1
"Comedy, Drama, Fantasy, European",6.1
"Comedy, Crime, Thriller",6.1
"Thriller, Drama, Horror, Music",6.1
"Romance, Drama, Comedy, European",6.1
"Drama, Music, Documentation",6.1
"Thriller, Comedy, Action, Crime, Drama",6.1
"Thriller, Drama, Crime, European",6.1
"Scifi, Thriller, Action, Crime, Drama",6.1
"Romance, Drama, Sport, Thriller",6.1
"Romance, Comedy, Action, European",6.1
"Fantasy, Horror, Thriller, Action",6.1
"Scifi, Action, Comedy, Family",6.1
"Drama, Fantasy, Action",6.1
"Fantasy, Animation, Action, Family, Romance",6.1
"Romance, Comedy, Drama, Action",6.1
"Drama, Action, Documentation",6.1
"Drama, Crime, Thriller, Action, European",6.1
"Comedy, Action, Scifi",6.1
"Scifi, Drama, Action, Crime, Thriller, European",6.1
"Thriller, Western, Action",6.1
"Action, Thriller, Comedy",6.1
"Scifi, Animation, Action, Crime",6.1
"Scifi, Fantasy, Horror, Action, Drama",6.1
"Drama, Crime, Thriller, Action, Comedy",6.1
"Comedy, Drama, Family, Action, Animation, Fantasy, European",6.1
"Comedy, Documentation, Sport",6.1
"Drama, Fantasy, Horror, Scifi",6.1
"Scifi, Drama, Horror",6.1
"Romance, Reality",6.1
"Comedy, Animation, Family, Crime, European",6.1
"Scifi, Animation, Action, Comedy, Family",6.1
"Action, Comedy, Family, Music, Animation",6.1
"Action, Drama, Thriller, Animation, Comedy, Fantasy, Family, Scifi",6.1
"Comedy, Action, Scifi, Family, Fantasy, Animation",6.1
"Action, Scifi, Thriller, Drama",6.1
"Thriller, Drama, Action, Crime, European",6.08
"Crime, Action, Drama, Thriller",6.075
"Romance, Action, Drama",6.075
"Comedy, Romance",6.0693548387096765
"Comedy, Animation, Family, European",6.0666666666666664
"Animation, European",6.0666666666666664
"Romance, Comedy, Drama",6.0642857142857158
"Romance, Drama, European",6.05
"Action, Comedy, Crime, Drama",6.05
"Sport, Drama",6.05
"Drama, Action, Comedy",6.05
"Comedy, Drama, Action",6.04
"Comedy, Action",6.0333333333333332
"Romance, Drama, Family, Comedy",6.0
"Comedy, Family, Animation, Action",6.0
"Action, Animation, Comedy, Crime, Drama",6.0
"Scifi, Thriller, Horror, Drama, European",6.0
"Comedy, Thriller, Drama, Action, Crime",6.0
"Scifi, Action, Crime, Thriller",6.0
"Crime, Comedy",6.0
"Drama, Documentation, Comedy",6.0
"Drama, Animation, Family, Music",6.0
"Western, Horror, Action",6.0
"Romance, Comedy, European",6.0
"Comedy, Family, Drama",6.0
"Thriller, Drama, Scifi, European",6.0
"Scifi, Action, Comedy",6.0
"Action, Drama, Crime",6.0
"Comedy, European, Romance",6.0
"Fantasy, Drama, Romance, Comedy",6.0
"Crime, Romance, Drama",6.0
"Comedy, Documentation, Drama, European",6.0
"Crime, Comedy, Drama, Thriller, Action",6.0
"Drama, Romance, Action, Crime",6.0
"Comedy, Action, Crime, Romance",6.0
"Fantasy, Thriller, Action",6.0
"Action, Romance, Comedy, Crime, Thriller",6.0
"Thriller, Western, Drama, Crime, Action",6.0
"Action, Crime, Scifi, Thriller",6.0
"Drama, Comedy, War",6.0
"Action, Scifi, Animation, Fantasy",6.0
"Drama, Fantasy, Thriller, Scifi",6.0
"Action, Animation, Family, Comedy",6.0
"Fantasy, Scifi, Animation, Action, Comedy",6.0
"Scifi, Animation, Action, Comedy",6.0
"Scifi, Action, Comedy, Animation",6.0
"Fantasy, Animation, Comedy, Family",5.9857142857142858
"Documentation, Reality",5.9727272727272727
"Action, Crime, Thriller",5.96
"Comedy, Fantasy, Horror",5.95
"Thriller, Crime, Drama, Action",5.95
"Fantasy, Action",5.95
"Thriller, Horror, Action, Drama",5.9499999999999993
"Drama, Action, War",5.9499999999999993
"Fantasy, Drama",5.94
"Comedy, Animation",5.9363636363636356
"Drama, Comedy, Thriller",5.9333333333333336
"Horror, Thriller, Crime, Drama",5.9250000000000007
"Fantasy, Horror, Comedy, Family",5.9
"Scifi, Animation, Action, Comedy, Fantasy",5.9
"Animation, Fantasy, Scifi, Action, Comedy",5.9
"Animation, Action, Drama, Family, Western, Comedy",5.9
"Action, Family, Animation, Comedy, Scifi",5.9
"Scifi, Fantasy, Romance",5.9
"Fantasy, Thriller, Action, Horror, Crime, Drama, European",5.9
"Romance, Comedy, Music",5.9
"Comedy, Romance, Drama, European",5.9
"Scifi, Drama, Romance, European",5.9
"Fantasy, Animation, Drama",5.9
"Fantasy, Action, Comedy",5.9
"Family, Sport",5.9
"Drama, Family, Romance, Comedy",5.9
"Drama, Comedy, Music, Family",5.9
"Comedy, Drama, Animation",5.9
"Crime, Action, Drama, Romance",5.9
"Thriller, Action, Drama, Horror, Crime, European",5.9
"Comedy, Family, Fantasy, History, Animation",5.9
"Thriller, Drama, Fantasy",5.9
"Scifi, Drama, Action, Thriller",5.9
"Thriller, Crime, Drama, Scifi, Action",5.9
"Horror, Thriller, Action, Fantasy, Documentation, European",5.9
"Drama, Romance, Music, European",5.9
"Crime, Drama, Documentation",5.9
"Romance, Thriller, Crime, Drama",5.9
"Thriller, Drama, Action, Scifi",5.9
"Crime, Drama, Fantasy, Scifi",5.9
"Scifi, Action, Animation, Comedy, Fantasy",5.9
"Fantasy, Action, Family, Scifi",5.9
"Comedy, Family, Fantasy, Scifi, Animation",5.9
"Animation, Scifi, Action, Comedy, Family",5.9
"Scifi, Drama, Fantasy, Horror, Thriller",5.8999999999999995
"Romance, Comedy",5.8733333333333313
"Fantasy, Comedy, Romance",5.8666666666666671
"Romance, Comedy, Drama, Family",5.8666666666666671
"Music, Drama",5.8666666666666663
"Animation, Fantasy",5.8599999999999994
Family,5.8578947368421046
"Drama, Thriller, Horror, Scifi",5.85
"Drama, Romance, Action",5.8333333333333339
"Animation, Family, Fantasy",5.8333333333333339
"Family, Fantasy, Animation",5.825
"Romance, Comedy, Family",5.82
"Crime, Thriller, Action, European",5.8000000000000007
"Comedy, Fantasy, Romance",5.8000000000000007
"Fantasy, Comedy, Family, Animation",5.8000000000000007
"Animation, Action, Family",5.8
"Crime, Comedy, Drama, History, Documentation",5.8
"Thriller, Animation, Drama",5.8
"Family, Animation, Comedy",5.8
"Thriller, Drama, Comedy, Crime",5.8
"Drama, Fantasy, Thriller, Action, Comedy, Scifi",5.8
"Thriller, Drama, European",5.8
"Thriller, Scifi",5.8
"Fantasy, Scifi, Drama",5.8
"Horror, Animation, Documentation, Scifi, Thriller, Action, Drama",5.8
"Comedy, Scifi, Family, Fantasy, European",5.8
"Drama, European, History, Romance",5.8
"Drama, Comedy, Fantasy",5.8
"Romance, Thriller, Action, Drama, European",5.8
"Romance, Drama, History, European",5.8
"Thriller, Fantasy, Action, Crime, Drama",5.8
"Fantasy, Thriller, Drama",5.8
"Thriller, Action, Drama, Crime",5.8
"Thriller, Action, Romance",5.8
"Comedy, Family, Scifi, Animation",5.8
"Comedy, Animation, Family, Fantasy",5.8
"Horror, Thriller, Scifi, Drama, Fantasy",5.8
"Scifi, Thriller, Action, Documentation",5.8
"Horror, Thriller, Documentation",5.8
"Horror, Thriller, Action, Crime, Fantasy, European",5.8
"Drama, Thriller, Scifi, Action",5.8
"Action, Thriller, Fantasy, Horror, Scifi",5.8
"Scifi, Action, Horror, Thriller",5.8
"Comedy, Romance, Animation, Family, Fantasy",5.8
"Scifi, Animation, Action, Fantasy, Horror",5.8
"Action, Scifi, Horror, Animation",5.8
"Scifi, Romance",5.8
"Music, Romance, Comedy",5.8
"Scifi, Action, Fantasy, Animation, Comedy, Drama, Family",5.8
"Drama, Family, Sport",5.7749999999999995
"Thriller, Drama, Action",5.7666666666666666
"Crime, Action, Drama",5.7666666666666666
"Reality, Romance",5.7555555555555546
"Comedy, Thriller",5.75
"Thriller, Drama",5.7333333333333325
"Action, Thriller",5.72
"Comedy, Scifi, Animation, Family, History",5.7
"Action, Fantasy, Animation",5.7
"Comedy, Crime, Drama, Family, Animation, Action",5.7
"Drama, Horror, Crime",5.7
"Comedy, Horror, Music",5.7
"Thriller, European",5.7
"Romance, Comedy, Drama, Fantasy",5.7
"Crime, Comedy, Western",5.7
"Comedy, Romance, Family, Fantasy",5.7
"Fantasy, Horror, Family",5.7
"Crime, Drama, Action, Comedy",5.7
"Horror, Music, Thriller, Crime, Drama",5.7
"War, History, Drama, Romance, Action",5.7
"Comedy, Crime, Family, Animation",5.7
"Animation, Action, Fantasy, Family",5.7
"Thriller, Action, Drama, Crime, European",5.7
"Horror, Action",5.7
"Drama, Thriller, Western, Action, Crime",5.7
"Thriller, Horror, Comedy",5.7
"Horror, Thriller, Crime, Scifi, Action",5.7
"Thriller, Action, Crime, Drama, Romance, Sport",5.7
"Scifi, Crime, Drama, Fantasy, Horror, Thriller",5.7
"Comedy, Drama, Family, Fantasy, Romance, Animation, European",5.7
Horror,5.6857142857142859
Romance,5.6818181818181817
"Thriller, Drama, Romance",5.675
"Crime, Drama, Comedy",5.675
"Drama, Family, Comedy",5.675
"Thriller, Horror, Drama",5.67
"Action, Comedy",5.666666666666667
"Thriller, Comedy, Drama, Romance",5.666666666666667
"Music, Comedy",5.6666666666666661
"Thriller, Comedy",5.65
"Thriller, Crime, Action",5.6400000000000006
"Action, Scifi, Family, Western, Animation",5.6
"Fantasy, Action, Comedy, Scifi, Animation",5.6
"Fantasy, Thriller, Action, Crime, Drama",5.6
"Drama, Thriller, Action",5.6
"Family, Fantasy, Animation, Comedy, European",5.6
"Action, Family, Comedy",5.6
"Thriller, Crime, Drama, Action, European",5.6
"Drama, European, Romance",5.6
"Comedy, Action, Crime, Drama, Fantasy, Horror, Thriller",5.6
"War, Action, Drama, Scifi, Thriller",5.6
"Drama, Thriller, Fantasy, Action",5.6
"Crime, Thriller, Drama, Action, European",5.6
"Thriller, Crime, War, Action, Drama, European",5.6
"Romance, Drama, History, Action",5.6
"Fantasy, Family, Drama, Comedy, Thriller, Music, Animation",5.6
"Drama, Documentation, Fantasy, Romance, Scifi, Family, Animation",5.6
"Comedy, Family, Romance",5.6
"Comedy, Romance, Documentation",5.6
"Drama, Fantasy, Scifi",5.6
"Thriller, Action, Comedy, Crime",5.6
"Thriller, Horror, Documentation, War, European",5.6
"Thriller, Horror, Fantasy",5.6
"Action, Animation, Comedy, Fantasy, History, Scifi, War",5.6
"Scifi, Action, Animation, Fantasy",5.6
"Action, Scifi, Family, Comedy, Drama",5.6
"Scifi, Action, Comedy, Drama, Fantasy",5.6
"Comedy, Horror, Scifi",5.6
"Crime, Drama, Thriller, Action",5.6
"Thriller, Drama, Horror",5.5909090909090908
"Drama, Thriller, Horror",5.56
"Fantasy, Comedy, Family",5.5500000000000007
"Crime, Action, Comedy, Drama",5.55
"Drama, Sport, Thriller",5.55
"Scifi, Fantasy, Animation, Comedy, Family",5.5
"Family, Animation, Comedy, Fantasy, European",5.5
"Drama, Family, Action, Thriller",5.5
"Drama, Family, Comedy, Music",5.5
"Comedy, Family, Romance, Animation, Drama, European",5.5
"Fantasy, Comedy, Animation",5.5
"Action, Comedy, Crime",5.5
"Drama, European, Comedy, War",5.5
"Fantasy, Comedy, Drama",5.5
"Thriller, Drama, Horror, Fantasy, Action, Crime, European",5.5
"Comedy, Thriller, Drama",5.5
"Comedy, Family, Fantasy",5.5
"Drama, Thriller, Romance",5.5
"Drama, Thriller, Fantasy",5.5
"Thriller, Crime, Horror",5.5
"Crime, Comedy, Action",5.5
"Horror, Comedy, Drama, Thriller",5.5
"Drama, Family, Documentation, Sport",5.5
"Action, Animation, Comedy, Family, Scifi, Fantasy",5.5
"Animation, Action, Fantasy, Thriller",5.5
"Thriller, Horror, Scifi, Drama, Action",5.5
"Western, Thriller, Horror",5.5
"Drama, Comedy, Music, Thriller, Crime",5.5
"Horror, Thriller, Fantasy, War",5.5
"Comedy, Music, War",5.5
"Comedy, Thriller, Action, Crime",5.5
"Drama, Crime, History",5.5
"Crime, Thriller, Action, Drama",5.5
"Thriller, Action, Crime, Drama, Romance",5.5
"Fantasy, Horror, Thriller, Family, Drama, Scifi",5.5
"Comedy, Family, Fantasy, Horror, Animation",5.5
"Animation, Action, Fantasy, Scifi",5.5
"Comedy, Family",5.4928571428571438
"Thriller, Crime, Drama, Romance",5.475
"Drama, Horror, Thriller",5.4666666666666668
"Comedy, Drama, Thriller",5.4666666666666668
"Drama, Action, History",5.45
"Drama, Music, Romance, European",5.4499999999999993
Thriller,5.416
"Fantasy, Family",5.4
"Comedy, Scifi, Action, European",5.4
"Thriller, Fantasy, Scifi, Action, Drama",5.4
"Documentation, Music, Reality",5.4
"Comedy, Family, Action",5.4
"Fantasy, Horror, Animation, Comedy, Family, European",5.4
"Drama, Music, Comedy, European",5.4
"Comedy, Family, Action, Drama",5.4
"Thriller, Fantasy, Drama, Family, Horror, European",5.4
"Comedy, Action, Crime",5.4
"Comedy, Romance, Fantasy, Action",5.4
"Romance, Action, Crime, Drama, Thriller",5.4
"Romance, Action, Drama, History, War",5.4
"Romance, Family, Comedy, Drama",5.4
"Action, Drama, Family, Fantasy, Thriller",5.4
"Thriller, Drama, Romance, Family",5.4
"Comedy, Family, Romance, Drama, Fantasy",5.4
"Romance, Family, Comedy",5.4
"Fantasy, Thriller, Horror, Drama, Romance",5.4
"Fantasy, Horror, Thriller, Action, Comedy, Drama",5.4
"Action, Comedy, Family, Fantasy, European",5.4
"Romance, Drama, Thriller",5.4
"Fantasy, Thriller, Drama, Horror",5.4
"Scifi, Thriller, Action, Fantasy",5.4
"Drama, Thriller, European, Romance",5.4
"Reality, Sport",5.4
"Animation, Family, Fantasy, Scifi, Action, European",5.4
"Comedy, Action, Family",5.4
"Comedy, Fantasy, Animation",5.4
"Scifi, Action, Drama, Fantasy, Thriller, Music",5.4
"War, Drama, Thriller",5.4
"Action, Horror, Thriller",5.4
"Documentation, Scifi, Thriller, Horror, Music",5.4
"Horror, Thriller, Drama",5.3999999999999995
"Thriller, Horror",5.3333333333333339
"Horror, Thriller",5.312
"Comedy, Horror, Thriller",5.3
"Romance, Comedy, Crime",5.3
"Romance, Family",5.3
"Romance, Horror",5.3
"Comedy, Sport, European",5.3
"Fantasy, Thriller, Scifi, European",5.3
"Thriller, Horror, Drama, Comedy, Crime",5.3
"Western, Drama, Thriller, Action",5.3
"Horror, Scifi, Thriller",5.3
"Thriller, Crime, Comedy",5.3
"Comedy, Thriller, Drama, Scifi",5.3
"Romance, Comedy, Scifi",5.3
"Crime, Drama, Horror, Thriller, Action, European",5.3
"Horror, Thriller, Fantasy, Drama",5.3
"Comedy, Action, Drama, Fantasy",5.3
"Horror, Thriller, Fantasy, Drama, Scifi, Comedy, European",5.3
"Scifi, Family, Thriller, Action, Drama",5.3
"Scifi, Thriller, Horror, Action",5.3
"Scifi, Action, Fantasy, Animation",5.3
"Reality, Horror",5.3
"Comedy, Action, Animation, Fantasy, Thriller",5.3
"Reality, Comedy",5.2857142857142856
"Thriller, Action, Crime",5.2846153846153854
"Comedy, Family, Music, Animation",5.2666666666666666
"Comedy, Action, Romance",5.25
"Thriller, Horror, Drama, Fantasy",5.25
"Comedy, Fantasy, Animation, Family",5.2
"Horror, Drama",5.2
"Action, Scifi, Thriller",5.2
"Fantasy, Animation, Family",5.2
"Scifi, Family",5.2
"Drama, Action, Crime, Scifi, Thriller",5.2
"Comedy, Romance, Sport",5.2
"Action, Drama, Comedy, Crime",5.2
"Action, Fantasy, Thriller, Drama, Scifi",5.2
"Drama, Romance, Sport, Comedy",5.2
"Comedy, Drama, Scifi, Romance, Thriller, Fantasy, European",5.2
"Animation, Action, Comedy, Drama, Family",5.2
"Fantasy, Scifi, Family, Comedy",5.2
"Comedy, Scifi, Action",5.2
"Comedy, Drama, Sport",5.2
"Fantasy, Horror, Scifi, Thriller, Action, Drama",5.2
"Thriller, Horror, Fantasy, Comedy",5.2
"Thriller, Scifi, Action",5.2
"Fantasy, Scifi, Action",5.2
"Horror, Thriller, Music, Comedy",5.2
"Drama, Action, Horror, Romance, Scifi",5.2
"Fantasy, Horror, Scifi, Thriller, Crime",5.2
"Comedy, Horror, Reality, Scifi",5.2
"Scifi, Animation, Action, Drama, Family, Fantasy, Comedy",5.2
"Action, Romance, Thriller, Scifi, Family, Comedy, Drama, Animation",5.2
"Horror, Drama, Thriller",5.1999999999999993
"Comedy, Romance, European",5.1999999999999993
"Scifi, Thriller, Drama, Horror",5.1999999999999993
"Thriller, Action, Crime, Sport",5.1
"Scifi, Thriller, Family, Fantasy, Action, European",5.1
"Horror, Thriller, Animation, Drama, Fantasy, European",5.1
"Romance, Sport, Comedy",5.1
"Comedy, Crime, Romance, Thriller, Action",5.1
"Animation, Romance, Comedy, Family",5.1
"Horror, Thriller, Scifi, Action, Fantasy",5.1
"Horror, Thriller, Scifi, Action, European",5.1
"Horror, Fantasy, Scifi, Action, Thriller",5.1
"Comedy, Drama, Family, Scifi, Animation, Action",5.1
"Scifi, Animation, Action, Comedy, Family, Fantasy",5.1
"Action, Scifi",5.05
"Action, Comedy, European",5.05
"Music, Family",5.0
"Action, Comedy, Family",5.0
"Thriller, Fantasy",5.0
"Thriller, Drama, Romance, Sport, European",5.0
"Thriller, Action, Drama, Scifi",5.0
"Romance, Drama, History",5.0
"Romance, Action, Comedy",5.0
"Family, Comedy",5.0
"Family, Music, Comedy",5.0
"Animation, Action, Scifi, Horror",5.0
"Comedy, Family, Sport",5.0
"Documentation, Family, Drama",5.0
"Scifi, Comedy, Drama, Family, Fantasy",5.0
"Action, Fantasy, Scifi, Animation, Comedy, Family",5.0
Action,4.9615384615384617
"Drama, Romance, Fantasy",4.9
"Comedy, Drama, Romance, Family",4.9
"Thriller, Drama, Fantasy, Horror, Romance, European",4.9
"Comedy, Scifi, Documentation, Animation, Family",4.9
"Fantasy, Comedy, Family, Scifi, Animation",4.9
"Thriller, Comedy, Romance",4.9
"Reality, Family",4.9
"Comedy, Crime, Drama",4.8500000000000005
"Music, Animation, Family",4.8000000000000007
"Animation, Fantasy, Family",4.8
"Drama, Music, Romance, Comedy",4.8
"Comedy, Action, Family, Fantasy, Sport",4.8
"Drama, Romance, Documentation",4.8
"Drama, Music, Family",4.8
"Comedy, Drama, Family, Action",4.8
"Comedy, Crime, Family, Romance",4.8
"Crime, Thriller, Drama, Romance",4.8
"Western, Action, Comedy",4.8
"Thriller, Scifi, Drama, Fantasy, Horror",4.8
"Thriller, Fantasy, Scifi, Drama, Romance",4.8
"Action, Scifi, Animation, Comedy, Drama, Family",4.8
"Action, Animation, Comedy, Drama, Family, Fantasy, Scifi",4.8
"Horror, Fantasy, Drama, European",4.7
"Romance, Drama, Music, Comedy",4.7
"Thriller, Scifi, Horror",4.7
"Thriller, History, Drama",4.7
"Family, Drama, Sport",4.7
"Fantasy, Scifi, Action, Comedy, Family",4.7
"Fantasy, Comedy, Family, Action, Drama",4.7
"Scifi, Romance, Drama",4.7
"Scifi, Action, Comedy, Thriller",4.7
"War, Scifi, Drama",4.7
"Thriller, Scifi, Drama",4.65
"Comedy, Horror",4.6111111111111116
"Horror, Thriller, Drama, Crime",4.6
"Action, Drama, Thriller, Crime, European",4.6
"Comedy, Horror, Family",4.6
"Romance, Action, Comedy, Fantasy",4.6
"Drama, Romance, Action, Comedy",4.6
"Crime, Drama, Romance, Action",4.6
"Horror, Comedy, European",4.6
"Comedy, Horror, Fantasy",4.6
"Fantasy, Romance",4.6
"Documentation, Horror, Reality",4.6
"Drama, Scifi, Reality",4.6
"Thriller, Action, Scifi",4.55
"Comedy, Family, European",4.5
"Fantasy, Horror, Thriller, Action, Crime, Drama",4.5
"Action, Thriller, Drama",4.5
"Romance, Music, Family",4.5
"Documentation, Horror, European",4.5
"Action, Comedy, Family, Sport",4.5
"Drama, Family, Romance, Sport, Action",4.5
"Fantasy, Action, Crime, Drama",4.5
"Reality, Romance, Documentation, Comedy",4.5
"Action, Comedy, Family, Scifi, Animation",4.5
"Romance, Drama, Sport",4.45
"Drama, Scifi, Thriller",4.4
"Drama, Fantasy, Scifi, Action",4.4
"Action, Crime, Comedy",4.4
"Crime, Drama, Romance, Thriller, Comedy",4.4
"Action, Drama, Family, Romance",4.4
"Romance, Drama, Scifi",4.4
"Scifi, Comedy, Fantasy, Action",4.4
"Horror, Thriller, Scifi",4.3
"Romance, Drama, Music",4.3
"Romance, Fantasy, Horror",4.3
"Scifi, War, Action",4.3
"Horror, Thriller, Drama, Romance",4.3
"Romance, Drama, Comedy, Sport",4.3
"Thriller, Fantasy, Horror, Drama",4.3
"Thriller, European, Crime, Romance",4.3
"Drama, Comedy, History, Scifi",4.3
"Animation, Action",4.2
"Romance, Sport, Comedy, Drama",4.2
"Action, Animation, Comedy",4.1
"Fantasy, Drama, Family, Music, Romance, Scifi",4.1
"Thriller, Action, Horror",4.0
"Drama, Action, Comedy, Fantasy, Romance",4.0
"Fantasy, Drama, Family, Comedy, European",4.0
"Western, Drama, Action, European",4.0
"Documentation, Comedy, Romance",3.9
"Western, Fantasy, Music",3.9
"Comedy, Horror, European",3.9
"Family, Fantasy, Comedy",3.9
"Horror, Thriller, Comedy",3.9
"Comedy, Crime, Family",3.9
"Scifi, Fantasy, Action, Family",3.9
"Drama, Sport, Action, Crime",3.9
"War, Fantasy, Romance, Action",3.9
"Horror, Fantasy",3.8
"Action, Scifi, Comedy, Drama",3.8
"Thriller, Horror, Action",3.75
"Crime, Thriller, Action, Drama, Scifi",3.7
"Scifi, Horror, Thriller, Action",3.7
"Fantasy, Comedy",3.6
"Thriller, Action, Scifi, European",3.6
"Scifi, Action",3.6
"Fantasy, Scifi, Action, Horror, Western, Family",3.4
"Horror, Drama, Scifi, Thriller, Action, European",3.4
"Action, War",3.4
"Family, Music, Animation, Comedy",3.4
"Fantasy, Action, Scifi, Thriller, Comedy",2.9
"Horror, Thriller, Fantasy",2.8
"Comedy, Scifi",2.7
"Drama, Reality, Family, Comedy, Documentation, Music, European",2.3
"Drama, Comedy, Romance, Action, Crime",2.1
"Drama, Thriller, Action, Crime, Sport",2.1
"Comedy, Family, Drama, Sport",1.8
"Drama, Comedy, Action",1.7
"Animation, Comedy, Fantasy, Drama, Music, Family",1.7