name,role,appearances
Raúl Campos,Director,21
Jan Suter,Director,20
Jay Karas,Director,16
Marcus Raboy,Director,15
Ryan Polito,Director,13
Cathy Garcia-Molina,Director,12
Jay Chapman,Director,12
Youssef Chahine,Director,11
Justin G. Dyck,Director,9
Umesh Mehra,Director,8
Troy Miller,Director,8
Suhas Kadav,Director,8
Kunle Afolayan,Director,8
Anurag Kashyap,Director,8
Shannon Hartman,Director,7
Lance Bangs,Director,7
Fernando Ayllón,Director,7
Mani Ratnam,Director,6
Zoya Akhtar,Director,6
Steven Brill,Director,6
Don Michael Paul,Director,6
Ashutosh Gowariker,Director,6
Mae Cruz-Alviar,Director,6
Milan Luthria,Director,6
Karan Johar,Director,6
Song Hyun-Wook,Director,6
Wilson Yip,Director,5
Ryoo Seung-Wan,Director,5
Dennis Dugan,Director,5
Dibakar Banerjee,Director,5
Kayode Kasum,Director,5
Shaun Paul Piccinino,Director,5
Jeff Tremaine,Director,5
Spike Lee,Director,5
Michihito Fujii,Director,5
Rajiv Mehra,Director,5
Antoinette Jadaone,Director,5
Mike Clattenburg,Director,5
Tim Burton,Director,5
Vishal Bhardwaj,Director,5
Imtiaz Ali,Director,5
Mahdi Fleifel,Director,5
Yılmaz Erdoğan,Director,5
Rajiv Chilaka,Director,5
Michael Simon,Director,5
Maroun Bagdadi,Director,5
Hiroyuki Seshita,Director,5
Anurag Basu,Director,5
Rocky Soraya,Director,5
Manny Rodriguez,Director,5
Shigeaki Kubo,Director,5
Leslie Small,Director,5
Hong Jong-Chan,Director,5
Chris Smith,Director,4
Prakash Jha,Director,4
Mark Waters,Director,4
Vikramaditya Motwane,Director,4
Bo Burnham,Director,4
Paul Dugdale,Director,4
Toshiya Shinohara,Director,4
Ozan Açıktan,Director,4
Clay Glen,Director,4
Abhishek Chaubey,Director,4
Orlando Von Einsiedel,Director,4
Stan Lathan,Director,4
Rob Reiner,Director,4
Kristian Mercado,Director,4
Niyi Akinmolayan,Director,4
Sooraj Barjatya,Director,4
Antoine Fuqua,Director,4
Mike Flanagan,Director,4
Hakan Algul,Director,4
Mcg,Director,4
Qaushiq Mukherjee,Director,4
Hernán Zin,Director,4
Savage Steve Holland,Director,4
Christopher Storer,Director,4
Rohit Shetty,Director,4
Ava Duvernay,Director,4
Ribhu Dasgupta,Director,4
Hanung Bramantyo,Director,4
Abbas Alibhai Burmawalla,Director,4
Mastan Alibhai Burmawalla,Director,4
Abhishek Kapoor,Director,4
Farhan Akhtar,Director,4
Martin Scorsese,Director,4
Philippe Aractingi,Director,4
Todd Phillips,Director,4
Cristina Jacob,Director,4
Vince Marcello,Director,4
Julia Reichert,Director,4
Steven Bognar,Director,4
Jun Robles Lana,Director,4
Jesse V. Johnson,Director,4
Ernie Barbarash,Director,4
Lynn Shelton,Director,4
Michael Mckay,Director,4
Bruno Garotti,Director,4
Lucas Margutti,Director,4
Alex Woo,Director,4
Stanley Moore,Director,4
Blair Simmons,Director,4
Jung Jee-Hyun,Director,4
Hardik Mehta,Director,3
Lekh Tandon,Director,3
Andaç Haznedaroğlu,Director,3
Shakun Batra,Director,3
Mark Raso,Director,3
Manolo Caro,Director,3
Mahesh Bhatt,Director,3
Kim Joo-Hyung,Director,3
Marcos Bucay,Director,3
James Mangold,Director,3
Moses Inwang,Director,3
Jon Shenk,Director,3
Patrick Brice,Director,3
Roger Kumble,Director,3
Barry Gonzalez,Director,3
Sachin Kundalkar,Director,3
Mike Rohl,Director,3
Brian Klein,Director,3
Cem Yılmaz,Director,3
Rajkumar Santoshi,Director,3
Chris Howe,Director,3
Jota Linares,Director,3
Kenji Kamiyama,Director,3
Joel Coen,Director,3
Ethan Coen,Director,3
Yoshiyuki Tomino,Director,3
Sundar C,Director,3
Ian Macnaughton,Director,3
Ken Ghosh,Director,3
James Wan,Director,3
Andrew Lau,Director,3
Aziz Mirza,Director,3
Rajkumar Hirani,Director,3
Takashi Yamazaki,Director,3
Ryuichi Yagi,Director,3
Robert Rodriguez,Director,3
Wenn V. Deramas,Director,3
Hwang Dong-Hyuk,Director,3
Rakeysh Omprakash Mehra,Director,3
Masahiko Murata,Director,3
Sebastián Schindel,Director,3
Petra Costa,Director,3
Yasmin Ahmad,Director,3
Guy Ritchie,Director,3
Ram Gopal Varma,Director,3
Robb Wells,Director,3
Mike Smith,Director,3
John Paul Tremblay,Director,3
Olivia M. Lamasan,Director,3
Priyadarshan,Director,3
Vikas Bahl,Director,3
Steven Soderbergh,Director,3
Michael Tiddes,Director,3
Raj Kumar Gupta,Director,3
Tony Giglio,Director,3
David Fincher,Director,3
Raja Gosnell,Director,3
Toshiyuki Kubooka,Director,3
Brad Anderson,Director,3
Seth Barrish,Director,3
Susan Youssef,Director,3
Abhinay Deo,Director,3
David Dhawan,Director,3
Zack Snyder,Director,3
Bejoy Nambiar,Director,3
Michael Showalter,Director,3
Kıvanç Baruönü,Director,3
Mai Masri,Director,3
Kenneth Gyang,Director,3
Theodore Boborol,Director,3
G.J. Echternkamp,Director,3
Dan Villegas,Director,3
Isaac Florentine,Director,3
Rhys Thomas,Director,3
Martin Campbell,Director,3
Michael John Warren,Director,3
Timo Tjahjanto,Director,3
Joe Berlinger,Director,3
Gastón Duprat,Director,3
Alexandre Lehmann,Director,3
Fernando González Molina,Director,3
Bobcat Goldthwait,Director,3
Michael D. Black,Director,3
Kief Davidson,Director,3
Gerardo Olivares,Director,3
Mikhail Red,Director,3
Kobun Shizuno,Director,3
Edward Cotterill,Director,3
Robert Vince,Director,3
Noriyuki Abe,Director,3
Elaine Mcmillion Sheldon,Director,3
Conrad Helten,Director,3
Edwin,Director,3
David E. Talbert,Director,3
Fajar Bustomi,Director,3
Pidi Baiq,Director,3
Sachin Yardi,Director,3
Oliver Stone,Director,3
Rako Prijanto,Director,3
Daniel Calparsoro,Director,3
Tyler Spindel,Director,3
Vlad Yudin,Director,3
Adrian Teh,Director,3
Chanda Bell,Director,3
Matías Gueilburt,Director,3
A. L. Vijay,Director,3
Linda Mendoza,Director,3
Leigh Janiak,Director,3
Keishi Ōtomo,Director,3
Brian Volk-Weiss,Director,3
Dani De La Orden,Director,3
Fu-Chun Hsu,Director,3
Kim Won-Seok,Director,3
Kim Jin-Min,Director,3
Chun Chieh Liu,Director,3
Kim Kyu-Tae,Director,3
Christian Schwochow,Director,2
Latif Faiziyev,Director,2
Luiz Bolognesi,Director,2
Mary Lambert,Director,2
Seyi Babatope,Director,2
Shyam Benegal,Director,2
Ketche,Director,2
Amy Poehler,Director,2
Adam Randall,Director,2
Theodore Melfi,Director,2
Daniel Monzón,Director,2
Victor Vũ,Director,2
Neeraj Ghaywan,Director,2
Shashank Khaitan,Director,2
Kagiso Lediga,Director,2
Adam Mckay,Director,2
Adriano Rudiman,Director,2
Mar Targarona,Director,2
Alexis Morante,Director,2
Jayan Moodley,Director,2
Tommy Wirkola,Director,2
Suzanne Coote,Director,2
Matt Angel,Director,2
Leste Chen,Director,2
Chuck Vinson,Director,2
Daniel Sandu,Director,2
Fred Ouro Preto,Director,2
Barbra Streisand,Director,2
Dany Boon,Director,2
Floyd Russ,Director,2
Piotr Domalewski,Director,2
Charlie Mcdowell,Director,2
Thomas Sieben,Director,2
Stephen Herek,Director,2
Chapman Way,Director,2
Maclain Way,Director,2
Ashwiny Iyer Tiwari,Director,2
Veronica Velasco,Director,2
Nora Fingscheidt,Director,2
Pedro Kos,Director,2
Chung Mong-Hong,Director,2
K. S. Ravikumar,Director,2
Kyohei Ishiguro,Director,2
Bartosz M. Kowalski,Director,2
Ben Simms,Director,2
Erin Lee Carr,Director,2
Mehdi Idir,Director,2
Elia Suleiman,Director,2
Gabriel Nuncio,Director,2
Izu Ojukwu,Director,2
Guillaume Nicloux,Director,2
Nathan Frankowski,Director,2
Marla Ancheta,Director,2
Jon Garaño,Director,2
Aitor Arregi,Director,2
Harshavardhan Kulkarni,Director,2
Monika Mitchell,Director,2
Rob Minkoff,Director,2
Marcos Carnevale,Director,2
Aziz Ansari,Director,2
Nelson Dilipkumar,Director,2
Robert Townsend,Director,2
Tyler Perry,Director,2
Onur Bilgetay,Director,2
Nahnatchka Khan,Director,2
José Gómez,Director,2
Bruno Ascenzo,Director,2
Luke Sewell,Director,2
Rahul Rawail,Director,2
Alison Klayman,Director,2
Anna Wieczur-Bluszcz,Director,2
Sebastian Dinatale,Director,2
Paco Caballero,Director,2
Guillermo Del Toro,Director,2
Barbara Bialowas,Director,2
Tomasz Mandes,Director,2
Shinji Aramaki,Director,2
Mark A.Z. Dippé,Director,2
Pedro Flores Maldonado,Director,2
Terry Jones,Director,2
Chris Bould,Director,2
Umesh Shukla,Director,2
Michael Mann,Director,2
John Lee Hancock,Director,2
Dean Deblois,Director,2
Thomas Carter,Director,2
Angelina Jolie,Director,2
Sarah Gavron,Director,2
S.S. Rajamouli,Director,2
Marcus Nispel,Director,2
Brandon Camp,Director,2
Matthew Ross,Director,2
Quentin Tarantino,Director,2
Kevin Munroe,Director,2
Peter Hutchings,Director,2
Ciarán Foy,Director,2
Edward Zwick,Director,2
David Ayer,Director,2
Jon M. Chu,Director,2
Renzil D'Silva,Director,2
Tate Taylor,Director,2
Nikkhil Advani,Director,2
Diego Lerman,Director,2
Greg Barker,Director,2
Hasan Karacadag,Director,2
Kingsley Ogoro,Director,2
Liz Garbus,Director,2
Ross Kauffman,Director,2
Vinil Mathew,Director,2
Eric Idle,Director,2
Aubrey Powell,Director,2
Luis Estrada,Director,2
Satish Rajwade,Director,2
Dan Gilroy,Director,2
Keegan Kuhn,Director,2
Yoshitomo Yonetani,Director,2
Ellen Brown,Director,2
Peter Lepeniotis,Director,2
Najwa Najjar,Director,2
N. Linguswamy,Director,2
Alonso Ruizpalacios,Director,2
Indra Kumar,Director,2
Shashanka Ghosh,Director,2
Thiru,Director,2
Ruel S. Bayani,Director,2
Todd Strauss-Schulson,Director,2
Rob Zombie,Director,2
Amr Salama,Director,2
Michael Drumm,Director,2
Johnnie To,Director,2
Matt Askem,Director,2
Tigmanshu Dhulia,Director,2
Robert Luketic,Director,2
Dito Montiel,Director,2
Ted Emery,Director,2
Spike Jonze,Director,2
Brian Helgeland,Director,2
J.C. Chandor,Director,2
Steven Spielberg,Director,2
Alex Gibney,Director,2
Mikael Håfström,Director,2
Bobby Farrelly,Director,2
Peter Farrelly,Director,2
Neeraj Pandey,Director,2
Ron Howard,Director,2
Punit Malhotra,Director,2
Selçuk Aydemir,Director,2
Nitesh Tiwari,Director,2
Satyajit Bhatkal,Director,2
Werner Herzog,Director,2
Eduardo Chauvet,Director,2
Debbie Allen,Director,2
Sudhir Mishra,Director,2
Remo D'Souza,Director,2
Renny Harlin,Director,2
Jehane Noujaim,Director,2
Kris Pearn,Director,2
Albert Hughes,Director,2
Allen Hughes,Director,2
Ketan Mehta,Director,2
Walter Hill,Director,2
Mike Newell,Director,2
Paul Verhoeven,Director,2
Rajiv Menon,Director,2
Andrew Niccol,Director,2
Hannah Fidell,Director,2
Roland Emmerich,Director,2
Tom Hooper,Director,2
John Asher,Director,2
Steven C. Miller,Director,2
Bill D'Elia,Director,2
Nima Nourizadeh,Director,2
Maite Alberdi,Director,2
Antonio Campos,Director,2
Ric Roman Waugh,Director,2
Liam O'Donnell,Director,2
James Wong,Director,2
Everardo González,Director,2
Nishikant Kamat,Director,2
Susan Johnson,Director,2
Walter C. Miller,Director,2
Kabir Khan,Director,2
Ricky Gervais,Director,2
John Whitesell,Director,2
Mir-Jean Bou Chaaya,Director,2
Jerrold Tarog,Director,2
Morgan Neville,Director,2
Burak Aksak,Director,2
Sofia Coppola,Director,2
Ian Edelman,Director,2
Christopher Nolan,Director,2
Joyce E. Bernal,Director,2
J.D. Dillard,Director,2
Bonni Cohen,Director,2
Rami Hachache,Director,2
David Michôd,Director,2
Rza,Director,2
Felix Starck,Director,2
Sam Wrench,Director,2
Pablo Larraín,Director,2
Matt D'Avella,Director,2
Jalil Lespert,Director,2
Michèle Ohayon,Director,2
David Mackenzie,Director,2
Christopher Guest,Director,2
Joe Demaio,Director,2
Noah Baumbach,Director,2
Joe Wright,Director,2
Mohit Suri,Director,2
Detlev Buck,Director,2
Mariano Cohn,Director,2
Eduardo Roy Jr.,Director,2
Soumendra Padhi,Director,2
Upi Avianto,Director,2
Salvador Calvo,Director,2
Joe Swanberg,Director,2
Pawan Kumar,Director,2
Şenol Sönmez,Director,2
Daniel Emeke Oriahi,Director,2
Oriol Paulo,Director,2
Anthony Giordano,Director,2
Jason Paul Laxamana,Director,2
Oz Rodriguez,Director,2
Maryo J. De Los Reyes,Director,2
Gil Kenan,Director,2
Wael Ehsan,Director,2
Shunsuke Tada,Director,2
Alain Desrochers,Director,2
Akiva Schaffer,Director,2
Scott Aukerman,Director,2
Sydney Freeland,Director,2
Annemarie Jacir,Director,2
Neal Brennan,Director,2
Nicole Holofcener,Director,2
Dee Rees,Director,2
David Paul Meyer,Director,2
Esteban Crespo,Director,2
Mohamed Ali,Director,2
Amy Schumer,Director,2
Andrea Molaioli,Director,2
Jeff Orlowski,Director,2
Paco Plaza,Director,2
Paul Thomas Anderson,Director,2
Aaron Sorkin,Director,2
Kevin Bray,Director,2
Yeon Sang-Ho,Director,2
A.R. Murugadoss,Director,2
Zak Hilditch,Director,2
Motonori Sakakibara,Director,2
Kyle Newacheck,Director,2
Jeffrey Walker,Director,2
Bert Marcus,Director,2
Scott Moran,Director,2
Anees Bazmee,Director,2
Chris Robinson,Director,2
Abhishek Sharma,Director,2
Marcelo Galvão,Director,2
Daniel Gray Longino,Director,2
Olivier Marchal,Director,2
Will Yapp,Director,2
Cal Seville,Director,2
Shanker Raman,Director,2
Darren Grant,Director,2
Paul Greengrass,Director,2
Ibrahim Bin Mohamed,Director,2
Bedran Güzel,Director,2
Paul Solet,Director,2
Kim Hong-Sun,Director,2
Shaad Ali,Director,2
Shirley Frimpong-Manso,Director,2
Hajime Kamegaki,Director,2
Thomas Astruc,Director,2
Obi Emelonye,Director,2
Sara Colangelo,Director,2
Jordan Riber,Director,2
Peter Orton,Director,2
Maïa Sandoz,Director,2
Tarun Mansukhani,Director,2
Miguel Arteta,Director,2
Jake Szymanski,Director,2
Anand Tiwari,Director,2
Tsuyoshi Nakakuki,Director,2
Alejandro Montiel,Director,2
Yoshiyuki Momose,Director,2
Walter Taylaur,Director,2
Ian Cheney,Director,2
Alex Timbers,Director,2
Claire Scanlon,Director,2
Mag Hsu,Director,2
Chih-Yen Hsu,Director,2
Ulises Valencia,Director,2
Park Hoon-Jung,Director,2
Madeleine Parry,Director,2
Scott Zabielski,Director,2
Steve Paley,Director,2
Rano Karno,Director,2
Ivan Ayr,Director,2
Ahmed Nader Galal,Director,2
Billy Corben,Director,2
Venkatesh Maha,Director,2
John Schultz,Director,2
Ravi Babu,Director,2
Brett Haley,Director,2
Tom Donahue,Director,2
Julián Hernández,Director,2
Madhur Bhandarkar,Director,2
Damien O'Connor,Director,2
Paul Miller,Director,2
Stanley Nelson,Director,2
Marek Losey,Director,2
Brian Oakes,Director,2
Khaled Marei,Director,2
Jonathan A. Rosenbaum,Director,2
Jaime P. Habac Jr.,Director,2
Karthik Subbaraj,Director,2
Kan Eguchi,Director,2
Tom Stern,Director,2
Michael Fimognari,Director,2
Francesco Imperato,Director,2
Nadia Hallgren,Director,2
Shankar,Director,2
Mysskin,Director,2
Peter Berg,Director,2
Ziad Doueiri,Director,2
Apoorva Lakhia,Director,2
Reema Kagti,Director,2
Ole Bornedal,Director,2
Ahmed Zain,Director,2
Farah Khan,Director,2
Bernie Denk,Director,2
Mehmet Ada Öztekin,Director,2
Peter Sullivan,Director,2
Andibachtiar Yusuf,Director,2
Diego Pignataro,Director,2
Barry Avrich,Director,2
Kenny Leon,Director,2
Angga Dwimas Sasongko,Director,2
Dianna Basso,Director,2
César Rodrigues,Director,2
Sion Sono,Director,2
Mana Yasuda,Director,2
Drea Cooper,Director,2
Zackary Canepari,Director,2
Mike Gunther,Director,2
Jeethu Joseph,Director,2
Yuki Tanada,Director,2
Malik Nejer,Director,2
Halitha Shameem,Director,2
Vir Das,Director,2
Alex Diaz,Director,2
Alex Minton,Director,2
Sanjay Leela Bhansali,Director,2
Funke Akindele,Director,2
Mark Thornton,Director,2
Todd Kauffman,Director,2
Julien Leclercq,Director,2
Neville Shah,Director,2
Olivier Megaton,Director,2
Gaspar Antillo,Director,2
Fabio Ock,Director,2
Florent Bodin,Director,2
Caroline Suh,Director,2
Gary Andrews,Director,2
Deepa Mehta,Director,2
Danish Aslam,Director,2
Claudio Norza,Director,2
Seiji Kishi,Director,2
Jérome Mouscadet,Director,2
Hayato Date,Director,2
Patrick Graham,Director,2
Cha Young-Hoon,Director,2
Kim Jin-Won,Director,2
Lee Yoon-Jung,Director,2
Lee Jung-Hyo,Director,2
Lee Sang-Yeob,Director,2
Kim Seong-Yoon,Director,2
Park Shin-Woo,Director,2
Lee Eung-Bok,Director,2
유제원,Director,2
Ahn Gil-Ho,Director,2
Tsai Yueh-Hsun,Director,2
Kim Hee-Won,Director,2
Han Dong-Hwa,Director,2
Oleg Kuzovkov,Director,2
Kim Sok-Yun,Director,2
Lee Tae-Gon,Director,2
Chiaki Kon,Director,2
Jorge Torregrossa,Director,2
Lucía Alemany,Director,2
Hiroaki Matsuyama,Director,2
Emre Sahin,Director,2
Shin Won-Ho,Director,2
Lam Yuk Fan,Director,2
Chen Ming Zhang,Director,2
Oh Jin-Seok,Director,2
Nicolas Le Nevé,Director,2
Park Joon-Hwa,Director,2
Yusuke Ishida,Director,2
Andrew Baird,Director,1
Saron Sakina,Director,1
Filip Zylber,Director,1
Zhao Ji,Director,1
Hamisha Daryani Ahuja,Director,1
Radha Krishna Kumar,Director,1
Ryuichi Hiroki,Director,1
Emmett Malloy,Director,1
Aleksey Tsitsilin,Director,1
Chen-Hao Yin,Director,1
Max Jabs,Director,1
David Yarovesky,Director,1
Joe Guidry,Director,1
Han Kwang-Il,Director,1
Vitor Brandt,Director,1
Castille Landon,Director,1
Stanley D'Costa,Director,1
Chinaza Onuzo,Director,1
Kim Seong-Hun,Director,1
Ryan Crego,Director,1
Icíar Bollaín,Director,1
Daria Bukvic,Director,1
Kevin Smith,Director,1
Álvaro Fernández Armero,Director,1
Neil Labute,Director,1
Tosin Igho,Director,1
Peter Flinth,Director,1
Muzi Mthembu,Director,1
Letizia Lamartire,Director,1
Travon Free,Director,1
Martin Desmond Roe,Director,1
Hadrah Daeng Ratu,Director,1
Ali Tabrizi,Director,1
Tim Fehlbaum,Director,1
Ahishor Solomon,Director,1
Ben Falcone,Director,1
Sarah Noah,Director,1
Anna Elizabeth James,Director,1
Luciana Kaplan,Director,1
Claire Knight,Director,1
Harry Cripps,Director,1
Ajay Bhupathi,Director,1
Salah Abu Seif,Director,1
Roy Chow Hin-Yeung,Director,1
Santhosh Viswanath,Director,1
Samuel Bayer,Director,1
Sylvie Verheyde,Director,1
Martin Prakkat,Director,1
Raj Mehta,Director,1
Kayoze Irani,Director,1
Tushar Jalota,Director,1
Peter Thorwarth,Director,1
Delsar,Director,1
Ricky Ko,Director,1
Siva,Director,1
Christine Luby,Director,1
Naseef Yusuf Izuddin,Director,1
Marie Clements,Director,1
Anusha Rizvi,Director,1
Cecilia Verheyden,Director,1
Madonne Ashwin,Director,1
Srinath Rajendran,Director,1
Fredrick Munk,Director,1
Mike Hostench,Director,1
Marwan Nabil,Director,1
Nadine Ibrahim,Director,1
Vijay Lalwani,Director,1
Cassi Simonds,Director,1
Pedro Antônio,Director,1
Ram Madhvani,Director,1
Steve Rolston,Director,1
Sk Dale,Director,1
Tone Grøttjord-Glenne,Director,1
Tarzan Nasser,Director,1
Arab Nasser,Director,1
Donovan Marsh,Director,1
Kaashvie Nair,Director,1
Ricardo Trogi,Director,1
Helena Bergström,Director,1
Steven K. Tsuchida,Director,1
Iban Del Campo,Director,1
Adze Ugah,Director,1
Leandro Neri,Director,1
Ferdinando Cito Filomarino,Director,1
David Charhon,Director,1
Matt Thompson,Director,1
Paween Purijitpanya,Director,1
Kim Gatewood,Director,1
Laura Fairrie,Director,1
Matthew Ogens,Director,1
Praveen Kandregula,Director,1
Daniel Vernon,Director,1
Peter Chelsom,Director,1
Simone Godano,Director,1
Gulistan Mirzaei,Director,1
Elizabeth Mirzaei,Director,1
Shantrelle P. Lewis,Director,1
Easy Ferrer,Director,1
Jose Javier Reyes,Director,1
Jon Clay,Director,1
Samuel Olatunji,Director,1
Dave Rosenbaum,Director,1
Eamonn Butler,Director,1
Tània Balló,Director,1
John Madden,Director,1
Ekene Som Mekwunye,Director,1
Paolo Strippoli,Director,1
Roberto De Feo,Director,1
Pascal Atuma,Director,1
Julio Quintana,Director,1
Jaume Balagueró,Director,1
Cedric Nicolas-Troyan,Director,1
Myriam Fares,Director,1
Patrick Forbes,Director,1
Matthias Schweighöfer,Director,1
Suzanne Joe Kai,Director,1
Louis C.K.,Director,1
Juuso Syrjä,Director,1
Lukasz Grzegorzek,Director,1
Piotr Mularuk,Director,1
Daniel Farrands,Director,1
Sam Mendes,Director,1
Thabang Moleya,Director,1
Filip Hillesland,Director,1
Mateusz Motyka,Director,1
Veronica Andersson,Director,1
Maciej Ślesicki,Director,1
Julian Gaviria,Director,1
Dan Rush,Director,1
Clare Lewins,Director,1
Adam Salky,Director,1
Achille Brice,Director,1
Jörn Donner,Director,1
Adam Berg,Director,1
Manuel Alcalá,Director,1
Paul Weitz,Director,1
Adirek Wattaleela,Director,1
Thanabodee Uawithya,Director,1
Apirak Samudkitpaisan,Director,1
Sita Likitvanichkul,Director,1
Jetarin Ratanaserikiat,Director,1
Wan Chi-Man,Director,1
Christopher Ashley,Director,1
Delhi Prasad Deenadayal,Director,1
Jameel Buari,Director,1
Daniel Markowicz,Director,1
Akay Mason,Director,1
Abosi Ogba,Director,1
Femi D. Ogunsanwo,Director,1
Miguel Alexandre,Director,1
Tolulope Itegboje,Director,1
Magnus Martens,Director,1
Sharan Koppisetty,Director,1
Shammi Kapoor,Director,1
Laxman Utekar,Director,1
Robert Longo,Director,1
Eva Müller,Director,1
Peter Winther,Director,1
Steve Yamamoto,Director,1
Peter Sollett,Director,1
Manuele Mandolesi,Director,1
Michael Harte,Director,1
Joshua Rofé,Director,1
Maggie Gyllenhaal,Director,1
David Benullo,Director,1
Alexandre Moratto,Director,1
Scott Pleydell-Pearce,Director,1
Seko Shamte,Director,1
Stephanie Turner,Director,1
Barbara Wiltshire,Director,1
Crystal Moselle,Director,1
Shawn Levy,Director,1
José Julián Gaviria,Director,1
Yedinson Flórez,Director,1
Mark Lo,Director,1
Marcus A. Clarke,Director,1
Basil Joseph,Director,1
Claudia Llosa,Director,1
Fansu Njie,Director,1
Philippe Martinez,Director,1
Mick Davis,Director,1
Saket Chaudhary,Director,1
Mike Mitchell,Director,1
R. Rathindran Prasad,Director,1
Shady El-Hamus,Director,1
Yoshihiro Mori,Director,1
Santiago Menghini,Director,1
Steve Cox,Director,1
Gore Verbinski,Director,1
Hernán Jiménez,Director,1
Rush Sturges,Director,1
Tyler Greco,Director,1
Mona Achache,Director,1
Patricia Tourancheau,Director,1
Robert Greene,Director,1
Rick Suvalle,Director,1
Mohamed Bakir,Director,1
Yemi Amodu,Director,1
Uga Carlini,Director,1
Trey Fanjoy,Director,1
Roberto Capucci,Director,1
Praveen Nischol,Director,1
David A. Vargas,Director,1
Florian Gottschick,Director,1
Türkan Derya,Director,1
Wregas Bhanuteja,Director,1
Sean Doherty,Director,1
Umut Evirgen,Director,1
Nia Dinata,Director,1
Park Hyun-Jin,Director,1
Marçal Forés,Director,1
Marta Hermida,Director,1
Jacinth Tan Yi Ting,Director,1
Fiona Roan,Director,1
Franz Kirchner,Director,1
Kürşad  Bayhan,Director,1
Marco Tullio Giordana,Director,1
Karthik Swaminathan,Director,1
Vivek Soni,Director,1
Rodrigo Guardiola,Director,1
Ziggy Hofmeyr,Director,1
Gray Hofmeyr,Director,1
Nithin Renji Panicker,Director,1
Michael Mayer,Director,1
Maurice Trouwborst,Director,1
Raúl Martínez,Director,1
Michał Rogalski,Director,1
Alex Kamb,Director,1
Gunnar Weber,Director,1
Vikram Bhatt,Director,1
Rahul Sankrityan,Director,1
Paul Toogood,Director,1
Lloyd Stanton,Director,1
Ale Mchaddo,Director,1
Yoshihiro Fukagawa,Director,1
Tiwa Moeithaisong,Director,1
Nick Robinson,Director,1
Torquil Jones,Director,1
Seralf Flares,Director,1
Daniel Sivan,Director,1
Mor Loushy,Director,1
Kellie Madison,Director,1
Judd Apatow,Director,1
Jim Miller,Director,1
Tim Stuby,Director,1
Brice Vdh,Director,1
Sébastien Rensonnet,Director,1
Sofia Alvarez,Director,1
Felix Fuchssteiner,Director,1
Katharina Schöde,Director,1
Jeff Chan,Director,1
Christian Charles,Director,1
Felix De Valdivia,Director,1
Wisit Sasanatieng,Director,1
Jose Mari Goenaga,Director,1
Betsy Thomas,Director,1
Alex Van Wagner,Director,1
Andy Coyle,Director,1
Jim Gaffigan,Director,1
John Leo D. Garcia,Director,1
Jack Clough,Director,1
Josh Ruben,Director,1
Gillian Armstrong,Director,1
Tetsuro Araki,Director,1
Michael Milano,Director,1
Alessio Maria Federici,Director,1
Rory Kennedy,Director,1
Charles Kinnane,Director,1
Daniel Kinnane,Director,1
Rick Jacobson,Director,1
Emma De Swaef,Director,1
Paloma Baeza,Director,1
Marc James Roels,Director,1
Niki Lindroth Von Bahr,Director,1
Nishanth Kalidindi,Director,1
Maciej Kawulski,Director,1
Brinda,Director,1
Eric Laneuville,Director,1
Hayato Takahashi,Director,1
Emily Ting,Director,1
Felicity Morris,Director,1
Saahil Chhabria,Director,1
Nerina De Jager,Director,1
Emre Kabakuşak,Director,1
Sam Raimi,Director,1
Roel Reiné,Director,1
Hebru Brantley,Director,1
Ashley Eakin,Director,1
Arjun Jandyala,Director,1
Stephan Zlotescu,Director,1
Agam Darshi,Director,1
Waboku,Director,1
Hibiki Yoshizaki,Director,1
Nobutaka Yoda,Director,1
Yuichiro Saeki,Director,1
Mike Hollingsworth,Director,1
James Bowman,Director,1
Pietro Loprieno,Director,1
Prisca Bouchet,Director,1
Nick Mayow,Director,1
Kristoffer Rus,Director,1
Kim Farrant,Director,1
Marco S. Puccioni,Director,1
Louis Leterrier,Director,1
Toby Meakins,Director,1
Katt Shea,Director,1
Renata Shoel,Director,1
Ben Sombogaart,Director,1
Renée Godfrey,Director,1
Jaimie Selke,Director,1
Vysakh,Director,1
Christopher Cain,Director,1
Alfonso Johnson,Director,1
Ingvild Søderlind,Director,1
Swaroop Rsj,Director,1
Park Soo-Jeong,Director,1
Han Jung-Chul,Director,1
Jimmy Chin,Director,1
Elizabeth Chai Vasarhelyi,Director,1
Emma Cooper,Director,1
Riccardo Antonaroli,Director,1
Katarzyna Szyngiera,Director,1
Jaime Barbosa,Director,1
Jorge Durán,Director,1
"Mandlakayise Walter Dube, Jr.",Director,1
Nick Cassavetes,Director,1
Mira Thiel,Director,1
Ian Derry,Director,1
Arthur Penn,Director,1
Raj Singh Chaudhary,Director,1
Lucie Jourdan,Director,1
Tony Scott,Director,1
Luke Snellin,Director,1
Alessandro Carloni,Director,1
Jennifer Yuh Nelson,Director,1
Mike Lavin,Director,1
Robert Redford,Director,1
Robert Zemeckis,Director,1
Cyrus Nowrasteh,Director,1
Irwin Winkler,Director,1
Alejandro Doria,Director,1
Hasan Abduselam,Director,1
Terry Gilliam,Director,1
Marc Lawrence,Director,1
Franco Zeffirelli,Director,1
Atom Egoyan,Director,1
David Johndrow,Director,1
Kevin Booth,Director,1
Tim Johnson,Director,1
Justin Kelly,Director,1
Richard Curtis,Director,1
Prashant Nair,Director,1
Munehisa Sakai,Director,1
Yuen Woo-Ping,Director,1
Levan Gabriadze,Director,1
Ti West,Director,1
Randa Chahal Sabbag,Director,1
Cary Joji Fukunaga,Director,1
Patty Jenkins,Director,1
Jennifer Phang,Director,1
Sean Baker,Director,1
John Herzfeld,Director,1
Jonathan Mostow,Director,1
Brandon Oldenburg,Director,1
Limbert Fabian,Director,1
Rebecca Johnson,Director,1
Gaurav Narayanan,Director,1
Vibhu Puri,Director,1
Jon Watts,Director,1
Ram,Director,1
Andrew Bujalski,Director,1
Jericca Cleland,Director,1
Martin Zandvliet,Director,1
Matt Chow,Director,1
John Sanford,Director,1
Elaine Bogan,Director,1
Isaac Rentz,Director,1
Orson Welles,Director,1
Mike Fleiss,Director,1
Stuart Beattie,Director,1
Paul King,Director,1
Barry Levinson,Director,1
Tarsem Singh,Director,1
Morten Tyldum,Director,1
Malik Vitthal,Director,1
Sergei Bodrov,Director,1
Ben Ramsey,Director,1
Puneet Sira,Director,1
Bhushan Patel,Director,1
Neill Blomkamp,Director,1
John Carney,Director,1
Abhishek Varman,Director,1
Paresh Mokashi,Director,1
Baran Bo Odar,Director,1
Scot Armstrong,Director,1
David R. Ellis,Director,1
Babak Najafi,Director,1
Rick Morales,Director,1
Indrajit Nattooji,Director,1
Carey Mckenzie,Director,1
Frank Simon,Director,1
Ayan Mukerji,Director,1
Penny Marshall,Director,1
Akshay Akkineni,Director,1
Simi Opeoluwa,Director,1
Samar Shaikh,Director,1
Rob Dipple,Director,1
Grant Heslov,Director,1
Katy Chevigny,Director,1
Luciano Vidigal,Director,1
Cavi Borges,Director,1
Linda Otto,Director,1
Sekhar Kammula,Director,1
Nancy Meyers,Director,1
Bo Welch,Director,1
Scott Frank,Director,1
Don Siegel,Director,1
Lea Glob,Director,1
Fisher Stevens,Director,1
Robert Nixon,Director,1
Seiji Mizushima,Director,1
Ronny Yu,Director,1
Christopher Miller,Director,1
Phil Lord,Director,1
Soi Cheang,Director,1
David Robert Mitchell,Director,1
Roger Donaldson,Director,1
Valve Company,Director,1
Omung Kumar,Director,1
Warren P. Sonoda,Director,1
Greg Whiteley,Director,1
Ranjit Jeyakodi,Director,1
Phillip Noyce,Director,1
Prem Soni,Director,1
Will Canon,Director,1
Sandeep Mohan,Director,1
Sudhish Kamath,Director,1
Raja Sen,Director,1
Suparn Verma,Director,1
Nalan Kumarasamy,Director,1
Rajshree Ojha,Director,1
Hemant Gaba,Director,1
Pratim D. Gupta,Director,1
Abhinav Shiv Tiwari,Director,1
Anu Menon,Director,1
James Yukich,Director,1
Steve Barron,Director,1
Ellen Seidler,Director,1
Megan Siler,Director,1
Francine Parker,Director,1
Richard Laxton,Director,1
Rajesh Ganguly,Director,1
Joel Oliansky,Director,1
Rajat Kapoor,Director,1
Luis Lopez,Director,1
J. Clay Tweel,Director,1
Kunal Deshmukh,Director,1
Geethu Mohandas,Director,1
Devika Bhagat,Director,1
Wyatt Cenac,Director,1
Camille Delamarre,Director,1
Mukul Anand,Director,1
Sean Mcnamara,Director,1
Michael Damian,Director,1
Josef Fares,Director,1
Bruce Hunt,Director,1
Simon J. Smith,Director,1
Eric Darnell,Director,1
Eli Roth,Director,1
Tolga Karaçelik,Director,1
Lee Hirsch,Director,1
Jessica Habie,Director,1
Amol Palekar,Director,1
Alan Mak,Director,1
Michael Curtiz,Director,1
Woody Allen,Director,1
Steven Knight,Director,1
Rohan Sippy,Director,1
Rajan Madhav,Director,1
Garry Marshall,Director,1
Glenn Ficarra,Director,1
John Requa,Director,1
David Gordon Green,Director,1
Gavin O'Connor,Director,1
Valerie Weiss,Director,1
Jaume Collet-Serra,Director,1
Pawan Kripalani,Director,1
Alo Sarkar,Director,1
Krishna D.K.,Director,1
Raj Nidimoru,Director,1
Smeep Kang,Director,1
Chad Eikhoff,Director,1
Frasco Mortiz,Director,1
Soham Shah,Director,1
Claudio Fäh,Director,1
Tim Hill,Director,1
David Lee Miller,Director,1
Juan José Campanella,Director,1
Nimród Antal,Director,1
Thom Fitzgerald,Director,1
Sajid Khan,Director,1
Josh Greenbaum,Director,1
Puri Jagannath,Director,1
Steven Quale,Director,1
Mike Johnson,Director,1
Daniel Lindsay,Director,1
T.J. Martin,Director,1
Catherine Hardwicke,Director,1
Jimmy Hayward,Director,1
Siddique,Director,1
Sarah Smith,Director,1
Melanie Mayron,Director,1
Michelle Bello,Director,1
David Zeiger,Director,1
Scott Stewart,Director,1
Dylan Southern,Director,1
Will Lovelace,Director,1
Derek Yee Tung-Sing,Director,1
Wai Ka-Fai,Director,1
Sangeeth Sivan,Director,1
Rob Marshall,Director,1
Tony Abulu,Director,1
Lee Daniels,Director,1
Dean Parisot,Director,1
Stephen Hopkins,Director,1
Hirotsugu Kawasaki,Director,1
Esen Işık,Director,1
Daniel Schechter,Director,1
Lara Saba,Director,1
Scott Spiegel,Director,1
Nila Madhab Panda,Director,1
Malcolm D. Lee,Director,1
Fung Chih-Chiang,Director,1
R Kannan,Director,1
Erol Özlevi,Director,1
Sergio Leone,Director,1
Tom Elkins,Director,1
K. C. Bokadia,Director,1
Greg Richardson,Director,1
Rani Massalha,Director,1
Jonathan Teplitzky,Director,1
Scott Walker,Director,1
Bahij Hojeij,Director,1
Justin Zackham,Director,1
Charles T. Kanganis,Director,1
Hany Abu-Assad,Director,1
Amin Dora,Director,1
Shoojit Sircar,Director,1
Cal Brunker,Director,1
Gary Mak,Director,1
John Gatins,Director,1
Nick Castle,Director,1
Kundan Shah,Director,1
John Luessenhop,Director,1
John Singleton,Director,1
George Cukor,Director,1
Dan Forrer,Director,1
Mrigdeep Singh Lamba,Director,1
Anthony D'Souza,Director,1
Gurmmeet Singh,Director,1
John Mctiernan,Director,1
Wolfgang Petersen,Director,1
Cody Cameron,Director,1
Dado C. Lumibao,Director,1
Scott Christian Sava,Director,1
Jaime Maestro,Director,1
Tony Bancroft,Director,1
Haile Gerima,Director,1
Hossam El Din Mostafa,Director,1
جلال الشرقاوي,Director,1
عبدالله الشيخ,Director,1
Marcelo Piñeyro,Director,1
Simon Wincer,Director,1
Stuart Gillard,Director,1
William Friedkin,Director,1
Hideaki Anno,Director,1
Kazuya Tsurumaki,Director,1
Jim Gillespie,Director,1
Luis Llosa,Director,1
Tsui Hark,Director,1
Jean-Jacques Annaud,Director,1
Taylor Hackford,Director,1
Alan J. Pakula,Director,1
Ronna Gradus,Director,1
Jill Bauer,Director,1
Mahsun Kırmızıgül,Director,1
Nagesh Kukunoor,Director,1
Danny Boyle,Director,1
Howard Deutch,Director,1
Francis Ford Coppola,Director,1
J. Davis,Director,1
Sally Cookson,Director,1
Rucha Humnabadkar,Director,1
Muharrem Gülmez,Director,1
Roger Graef,Director,1
James Rogan,Director,1
Jason Krawczyk,Director,1
Jason Zada,Director,1
Mika Kaurismäki,Director,1
Karan Malhotra,Director,1
Felix Van Groeningen,Director,1
David Sampliner,Director,1
Nic Mathieu,Director,1
Andrew Jenks,Director,1
Richie Smyth,Director,1
Fabrice Du Welz,Director,1
James Watkins,Director,1
Aaron Hann,Director,1
Mario Miscione,Director,1
Radha Krishna Jagarlamudi,Director,1
Adam Nimoy,Director,1
Michelle Sylvester,Director,1
Nabil Ayouch,Director,1
Brad Peyton,Director,1
Michel Kammoun,Director,1
Paco Cabezas,Director,1
Ashley York,Director,1
Kristina Goolsby,Director,1
Frank Coraci,Director,1
Phil Joanou,Director,1
Basil Khalil,Director,1
Anthony Pierce,Director,1
Todor Chapkanov,Director,1
Nikon Basu,Director,1
Adam Wingard,Director,1
Claude Lelouch,Director,1
Karan Anshuman,Director,1
Wayne Blair,Director,1
Will Eisenberg,Director,1
Peter Billingsley,Director,1
Jeff Nichols,Director,1
Rob Burnett,Director,1
Gerard Barrett,Director,1
Jay Baruchel,Director,1
Siân Heder,Director,1
Raj Kaushal,Director,1
Nuel C. Naval,Director,1
Meghna Gulzar,Director,1
Evgeny Afineevsky,Director,1
Allan Ungar,Director,1
Stanley Kubrick,Director,1
Vondie Curtis-Hall,Director,1
Anthony Williams,Director,1
Gary Binkow,Director,1
John Lyde,Director,1
Neeraj Vora,Director,1
Brett Weiner,Director,1
Stuart Hazeldine,Director,1
Alberto Rodríguez Librero,Director,1
Biyi Bandele,Director,1
Cate Shortland,Director,1
Mathieu Auvray,Director,1
Adam Dubin,Director,1
Guilherme Fontes,Director,1
Oskar Santos,Director,1
Amy Rice,Director,1
Rahul Dholakia,Director,1
James Franco,Director,1
Taika Waititi,Director,1
Johannes Roberts,Director,1
Vibeke Idsøe,Director,1
Umesh Ghadge,Director,1
Filip Renč,Director,1
So Yong Kim,Director,1
Meltem Bozoflu,Director,1
Gary Wang,Director,1
Ali Scher,Director,1
Babak Anvari,Director,1
John Lee,Director,1
Elite Zexer,Director,1
Kelly Fremon Craig,Director,1
Naoko Yamada,Director,1
Stacy Title,Director,1
Christopher Jenkins,Director,1
Ross Venokur,Director,1
Steve Carr,Director,1
Chris Kelly,Director,1
Nadia Latif,Director,1
Alik Sakharov,Director,1
Jay Grace,Director,1
Rob Silvestri,Director,1
Gary Howsam,Director,1
Luv Ranjan,Director,1
Andrew Goth,Director,1
Jorge Hernández Aldana,Director,1
Lô Politi,Director,1
Juan Antonio De La Riva,Director,1
Yannick Violin,Director,1
Kevin Ko,Director,1
Peter Tsi,Director,1
Curtis Graham,Director,1
Rodrigo Pelmonto,Director,1
Paul Gross,Director,1
Raaghav Dar,Director,1
Kevin Macdonald,Director,1
Sophie Robinson,Director,1
Lotje Sodderland,Director,1
Miguel Ángel Lamata,Director,1
Jody Hill,Director,1
Oliver Schmitz,Director,1
Wes Craven,Director,1
Rodolphe Guenoden,Director,1
Mahmoud Sabbagh,Director,1
David Frankel,Director,1
Greg Mclean,Director,1
David Feiss,Director,1
Doug Roland,Director,1
Denis Villeneuve,Director,1
Julius Onah,Director,1
Alejandro Agresti,Director,1
Jon Greenhalgh,Director,1
Tom Ford,Director,1
Kimo Stamboel,Director,1
Sam Liu,Director,1
Alex Coletti,Director,1
Justin Krook,Director,1
Christopher Louie,Director,1
Gavin Hood,Director,1
Jorge Michel Grau,Director,1
Chris Sparling,Director,1
Sarah Adina Smith,Director,1
Marcel Barrena,Director,1
David Zucker,Director,1
Katherine Dieckmann,Director,1
Arthur Allan Seidelman,Director,1
Rob Meyer,Director,1
Rajesh Touchriver,Director,1
Kike Maíllo,Director,1
Pieter Kuijpers,Director,1
Julia Ducournau,Director,1
Lee Kirk,Director,1
Raj Babu,Director,1
Dan Krauss,Director,1
Estela Renner,Director,1
Adam Leon,Director,1
Andy Serkis,Director,1
Bong Joon-Ho,Director,1
Niki Caro,Director,1
David F. Sandberg,Director,1
Jeffrey Nachmanoff,Director,1
Asghar Farhadi,Director,1
Colin Trevorrow,Director,1
Taylor Sheridan,Director,1
Ricardo De Montreuil,Director,1
Dhanush,Director,1
Christian Zübert,Director,1
Lenin Bharathi,Director,1
Marti Noxon,Director,1
Jennifer Morrison,Director,1
Nikita Vlasov,Director,1
Jennifer Kent,Director,1
Brent Bonacorso,Director,1
Tony Elliott,Director,1
Mahmoud Al Massad,Director,1
Houda Benyamina,Director,1
George Nolfi,Director,1
Onur Tukel,Director,1
Kasper Collin,Director,1
Zhao Tianyu,Director,1
Christopher Murray,Director,1
Karl Mueller,Director,1
Vadim Jean,Director,1
Oz Perkins,Director,1
Sabbir Khan,Director,1
Isa Campo,Director,1
Isaki Lacuesta,Director,1
Ali F. Mostafa,Director,1
Fernando Coimbra,Director,1
Keiichi Sato,Director,1
Yasushi Kawamura,Director,1
Milind Dhaimade,Director,1
Jonathan Demme,Director,1
Vikram Gandhi,Director,1
Xavier Manrique,Director,1
Jean-Patrick Benes,Director,1
Toshiyuki Tsuru,Director,1
Riki Lindhome,Director,1
Jeremy Konner,Director,1
Felix Herngren,Director,1
Måns Herngren,Director,1
Feroz,Director,1
Sébastien Betbeder,Director,1
Linas Phillips,Director,1
Akashdeep Saigal,Director,1
Ed Gass-Donnelly,Director,1
Namcito,Director,1
Bảo Nhân,Director,1
Yeşim Ustaoğlu,Director,1
Brian Mcginn,Director,1
Rod Blackhurst,Director,1
Lars Büchel,Director,1
Todd S. Yellin,Director,1
Alban Teurlai,Director,1
Thierry Demaizière,Director,1
Khalid Mohammed,Director,1
Anil V. Kumar,Director,1
Micho Rutare,Director,1
Robert Markowitz,Director,1
Eli Craig,Director,1
Jonathan Liebesman,Director,1
David Higby,Director,1
Jesse Lewis Reece,Director,1
Ludovic Bernard,Director,1
Jeff Wadlow,Director,1
Johan Brisinger,Director,1
Jean-Claude Barny,Director,1
Jayme Monjardim,Director,1
Janice Cooke,Director,1
Roger Gual,Director,1
Marc Forster,Director,1
Errol Morris,Director,1
Sean Foley,Director,1
Richard Ladkani,Director,1
Raoul Peck,Director,1
Mijke De Jong,Director,1
Pierre Coré,Director,1
Dallas Jenkins,Director,1
Matthias Hoene,Director,1
Gareth Evans,Director,1
Noël Wells,Director,1
Scott Speer,Director,1
Ali Samadi Ahadi,Director,1
Karen J. Lloyd,Director,1
Jerry Seinfeld,Director,1
Macon Blair,Director,1
Benjamin Dickinson,Director,1
Emily Hagins,Director,1
Chris Miller,Director,1
Charles Stone Iii,Director,1
Jon Lucas,Director,1
Scott Moore,Director,1
Vicente Olivares,Director,1
Namimi Sanjo,Director,1
Volker Weicker,Director,1
Maria Sadowska,Director,1
Thiagarajan Kumararaja,Director,1
Nana Ekvtimishvili,Director,1
Simon Groß,Director,1
Stephen Frears,Director,1
Alistair Legrand,Director,1
Ritesh Batra,Director,1
Jonathan Helpert,Director,1
Chester Tam,Director,1
Michael Stephenson,Director,1
Joseph Ruben,Director,1
Robert Mccullough Jr.,Director,1
Jeannie Gaffigan,Director,1
Hanno Olderdissen,Director,1
Jimmy Henderson,Director,1
David Bruckner,Director,1
Alfonso Cuarón,Director,1
Jay Chandrasekhar,Director,1
Drake Doremus,Director,1
Pierre Deschamps,Director,1
Park Jung-Woo,Director,1
Alethea Jones,Director,1
Adrián Espinosa,Director,1
Carlos Therón,Director,1
Yang Woo-Seok,Director,1
Sylvester Stallone,Director,1
Ildikó Enyedi,Director,1
John Butler,Director,1
Masaaki Yuasa,Director,1
Jim Strouse,Director,1
Agustí Villaronga,Director,1
Javier Calvo,Director,1
Javier Ambrossi,Director,1
Jeremy Saulnier,Director,1
Kim Joon-Sung,Director,1
Gilles Paquet-Brenner,Director,1
Vicente Villanueva,Director,1
Manuel Martín Cuenca,Director,1
Mario Rouleau,Director,1
Mateo Gil,Director,1
Patricia Ferreira,Director,1
Hatem Khraiche,Director,1
Curro Velázquez,Director,1
Reem Kherici,Director,1
Cosmo Segurson,Director,1
Joe Murray,Director,1
Raymie Muzquiz,Director,1
Nicolas Pesce,Director,1
Kitty Green,Director,1
Stacie Passon,Director,1
Yolanda Ramke,Director,1
Ben Howling,Director,1
Yance Ford,Director,1
Shree Narayan Singh,Director,1
Lijo Jose Pellissery,Director,1
Mike Birbiglia,Director,1
Florian Schnell,Director,1
David Alvarado,Director,1
Jason Sussberg,Director,1
Joe Menendez,Director,1
Paul M. Green,Director,1
Shivam Nair,Director,1
Arun Chidambaram,Director,1
Karsten Kiilerich,Director,1
Richard Claus,Director,1
Ben Young,Director,1
Garth Davis,Director,1
Boots Riley,Director,1
Prakash Mehra,Director,1
John Woo,Director,1
Tolga Örnek,Director,1
Partho Mitra,Director,1
Tommy O'Haver,Director,1
Bryan Fogel,Director,1
Justin Chadwick,Director,1
Rodrigo Grota,Director,1
Ian Nelms,Director,1
Eshom Nelms,Director,1
Fumihiko Sori,Director,1
Navaniat Singh,Director,1
Avgousta Zourelidi,Director,1
Michelle Maclaren,Director,1
Sabaah Folayan,Director,1
Juraj Šajmovič,Director,1
R. Balki,Director,1
Adrián Caetano,Director,1
Ravi Udyawar,Director,1
Jeff Garlin,Director,1
Daniel Dimauro,Director,1
Morgan Pehme,Director,1
Dylan Bank,Director,1
David France,Director,1
Anita Barbosa,Director,1
Brian Knappenberger,Director,1
Eduardo Casanova,Director,1
Bunty Soorma,Director,1
Stephen Tolkin,Director,1
Kirk Demicco,Director,1
Mandla Dube,Director,1
Madeleine Gavin,Director,1
Jim Hosking,Director,1
Pat Healy,Director,1
Eliane Brum,Director,1
Lygia Barbosa Da Silva,Director,1
Olivier Assayas,Director,1
Gregory Plotkin,Director,1
Yudai Yamaguchi,Director,1
Ippsie Jones,Director,1
Grant S. Johnson,Director,1
Scott L. Montoya,Director,1
Chris Perkel,Director,1
Christian Gudegast,Director,1
Murat Kepez,Director,1
Richard Gabai,Director,1
Sujeeth,Director,1
Dave Needham,Director,1
Amal Neerad,Director,1
Farhad Safinia,Director,1
Cho Keun-Hyun,Director,1
Joel Hopkins,Director,1
Manika Sharma,Director,1
Fernando Lebrija,Director,1
John Smithson,Director,1
Jessica Yu,Director,1
Nattawut Poonpiriya,Director,1
Selima Taibi,Director,1
Alexandre Espigares,Director,1
Liz Plonka,Director,1
Michael Barnett,Director,1
Atlee,Director,1
Celia Catunda,Director,1
Kiko Mistrorigo,Director,1
Laura Mulleavy,Director,1
Kate Mulleavy,Director,1
Rhiannon Bannenberg,Director,1
Hallie Meyers-Shyer,Director,1
Jayaprakash Radhakrishnan,Director,1
Javier Ruiz Caldera,Director,1
Borja Cobeaga,Director,1
Oren Uziel,Director,1
Liam Lynch,Director,1
Joe Piscatella,Director,1
Teddy Lussi-Modeste,Director,1
Oyefunke Fayoyin,Director,1
Daniel Wilner,Director,1
Leopoldo Aguilar,Director,1
Cyrus Saidi,Director,1
Jay Bulger,Director,1
Guillaume Renard,Director,1
Shoujirou Nishimi,Director,1
Olivia Milch,Director,1
Roy Burdine,Director,1
Johnny Castuciano,Director,1
Louie Psihoyos,Director,1
Lucas Figueroa,Director,1
Sam Voutas,Director,1
Jennifer Brea,Director,1
Maya Forbes,Director,1
Ramón Salazar,Director,1
Harry Chaskin,Director,1
Fazila Allana,Director,1
Michael Larnell,Director,1
Rana Eid,Director,1
Mostofa Sarwar Farooki,Director,1
Samuel Jouy,Director,1
Xavier Gens,Director,1
Kim Jee-Woon,Director,1
D. J. Caruso,Director,1
Anik Dutta,Director,1
Jakob Lass,Director,1
Lorene Machado,Director,1
Nicholas Stoller,Director,1
Sameh Abdel Aziz,Director,1
K. M. Sarjun,Director,1
Mohammed Hussain,Director,1
James Toback,Director,1
Maz Jobrani,Director,1
Erik Canuel,Director,1
Takehiko Watanabe,Director,1
Ramesh Talwar,Director,1
Ben Stiller,Director,1
Susan Walter,Director,1
Yann Gozlan,Director,1
Ariel Vromen,Director,1
Greta Gerwig,Director,1
Atsuji Shimizu,Director,1
Gerardo Herrero Pereda,Director,1
Jeremy Rush,Director,1
Shaz Bennett,Director,1
Izidore K. Musallam,Director,1
Shreyas Talpade,Director,1
Alexandre Aja,Director,1
Sameer Sharma,Director,1
Chris Moukarbel,Director,1
Alex Israel,Director,1
Lucy Cohen,Director,1
Joshua Izenberg,Director,1
Wynn Padula,Director,1
Raz Degan,Director,1
Richard Phelan,Director,1
Will Becher,Director,1
Pablo Giorgelli,Director,1
Michael Bonfiglio,Director,1
Rodrigo Toro Solovera,Director,1
Francisco Schultz,Director,1
Heidi Ewing,Director,1
Rachel Grady,Director,1
Dante Lam,Director,1
Thomas Baudre,Director,1
Ishaya Bako,Director,1
Jon Alpert,Director,1
Brie Larson,Director,1
Ana Lily Amirpour,Director,1
Shadab Khan,Director,1
Tolu Lordtanner,Director,1
Farhan Alam,Director,1
Pascal Laugier,Director,1
Scott Mcaboy,Director,1
Ali Bin Matar,Director,1
Michael Douglas,Director,1
Eduardo Mendoza De Echave,Director,1
Paul Urkijo,Director,1
Griffin Dunne,Director,1
Choi Jin-Sung,Director,1
Louis J. Horvitz,Director,1
Franck Ribière,Director,1
Mandie Fletcher,Director,1
Olivier Afonso,Director,1
Andreas Pichler,Director,1
Christopher Martin,Director,1
Federico D'Alessandro,Director,1
Rakan Mayasi,Director,1
Josh Koury,Director,1
Myles Kane,Director,1
Joe Dante,Director,1
Brandon Jones,Director,1
Raya Martin,Director,1
Tanuja Chandra,Director,1
Pedro Coutinho,Director,1
Ted Demme,Director,1
Carlo Padial,Director,1
Jacob Kornbluth,Director,1
Sari Gilman,Director,1
Alex Zamm,Director,1
Shakti Samanta,Director,1
Niall Johnson,Director,1
Judah Friedlander,Director,1
José F. Ortuño,Director,1
Laura Alvea,Director,1
Joel Crawford,Director,1
Jim Gable,Director,1
Hèctor Hernández Vicens,Director,1
Seth Henrikson,Director,1
Jang Yoo-Jung,Director,1
Siddhartha Jatla,Director,1
Norberto López Amado,Director,1
Michael Steiner,Director,1
Alice Waddington,Director,1
Sean Olson,Director,1
Isao Yukisada,Director,1
Fred Cavayé,Director,1
Jérôme Perrillat-Collomb,Director,1
Jang Hang-Jun,Director,1
Guntur Soeharjanto,Director,1
Albert Sharpe,Director,1
Blake Lemons,Director,1
Marco Deufemia,Director,1
Pierre Greco,Director,1
Nancy Florence Savard,Director,1
Claire Mccarthy,Director,1
Ridley Scott,Director,1
Antonin Baudry,Director,1
Anthony Mandler,Director,1
Ísold Uggadóttir,Director,1
Sebastián Hofmann,Director,1
Derek Peck,Director,1
André Øvredal,Director,1
Jan-Eric Mack,Director,1
Mamoru Hosoda,Director,1
Sophie Sartain,Director,1
Roberta Grossman,Director,1
C.J. Wallis,Director,1
Uraaz Bahl,Director,1
Shaana Levy,Director,1
David Wain,Director,1
Julie Cohen,Director,1
Betsy West,Director,1
Harvey Lowry,Director,1
Aleksey German Jr.,Director,1
Michał Tylka,Director,1
Josh Wakely,Director,1
Paakhi A. Tyrewala,Director,1
Aanand L. Rai,Director,1
Craig Elrod,Director,1
Erik Matti,Director,1
Oded Raz,Director,1
Benny Safdie,Director,1
Josh Safdie,Director,1
Gupse Özay,Director,1
Ari Sandel,Director,1
Joshua Marston,Director,1
Woo Min-Ho,Director,1
Sandi Tan,Director,1
Joram Lürsen,Director,1
David Mrnka,Director,1
Kheiron,Director,1
Lennart Ruff,Director,1
Alvaro Delgado Aparicio,Director,1
Aditya Vikram Sengupta,Director,1
José Manuel Colón,Director,1
Tamara Jenkins,Director,1
Axelle Laffont,Director,1
Samir Soni,Director,1
Stephanie Laing,Director,1
Marc Eikelenboom,Director,1
Almudena Carracedo,Director,1
Robert Bahar,Director,1
Édith Jorisch,Director,1
Charlie Kaufman,Director,1
Michael Rianda,Director,1
Baltasar Kormákur,Director,1
Jeremiah Zagar,Director,1
Robert Smigel,Director,1
Benjamin Nolot,Director,1
Madeleine Sami,Director,1
Jackie Van Beek,Director,1
Daryl Hannah,Director,1
Julio Medem,Director,1
Rachel Griffiths,Director,1
Andrew Dominik,Director,1
Marco Petry,Director,1
Yu Yang,Director,1
Matt Palmer,Director,1
Marja-Lewis Ryan,Director,1
Elisabeth Vogler,Director,1
Fernando Colomo,Director,1
Zakariya Mohammed,Director,1
Julia Hart,Director,1
Olivia Newman,Director,1
Romain Gavras,Director,1
Andy Nyman,Director,1
Andrew O'Connor,Director,1
Samu Fuentes,Director,1
Wim Wenders,Director,1
Sekhar Reddy Yerra,Director,1
Mariano Baez,Director,1
Abby Epstein,Director,1
Susanne Bier,Director,1
Roland Joffé,Director,1
Manoj Beedha,Director,1
Stephen S. Campanelli,Director,1
Yasuto Nishikata,Director,1
Johanna Demetrakas,Director,1
Hallvard Bræin,Director,1
George Miller,Director,1
Lluís Segura,Director,1
David Lam,Director,1
René Liu,Director,1
Janet Chun,Director,1
Hing-Ka Chan,Director,1
Mohamed Khalifa,Director,1
Sergio Pablos,Director,1
John L. Spencer,Director,1
Alexandre Avancini,Director,1
Jean-Claude La Marre,Director,1
Aaron Lieber,Director,1
Laura Brownson,Director,1
Rob Epstein,Director,1
Jeffrey Friedman,Director,1
Rodrigo Triana,Director,1
Che Sandoval,Director,1
Buzz Kulik,Director,1
Phedon Papamichael,Director,1
Nicole Conn,Director,1
Susannah Grant,Director,1
Abbas Tyrewala,Director,1
Mandeep Kumar,Director,1
Lucien Bourjeily,Director,1
A. Salaam,Director,1
Kirby Dick,Director,1
Amit Barot,Director,1
Jared Stern,Director,1
Yoo Byung-Jae,Director,1
Rawson Marshall Thurber,Director,1
Yasir Al-Yasiri,Director,1
Yoshitaka Takeuchi,Director,1
Xiaoxing Yi,Director,1
Li Haoling,Director,1
Sonny Mallhi,Director,1
Katarina Launing,Director,1
Hiromasa Yonebayashi,Director,1
Akihiko Yamashita,Director,1
Dava Whisenant,Director,1
Ryan Koo,Director,1
Éléonore Pourriat,Director,1
Raditya Dika,Director,1
Emmanuel Mouret,Director,1
Lukas Dhont,Director,1
Richard Valverde,Director,1
Ahsan Rahim,Director,1
Sergio Barrejón,Director,1
David Sington,Director,1
Heather Walsh,Director,1
Dare Olaitan,Director,1
Peter Webber,Director,1
Nandita Das,Director,1
Craig Johnson,Director,1
Anthony Byrne,Director,1
Rohena Gera,Director,1
Jean Bernard Marlin,Director,1
Stefano Savona,Director,1
Alice Rohrwacher,Director,1
Andy Fickman,Director,1
Faraday Okoro,Director,1
James Marsh,Director,1
Antonio Morabito,Director,1
Stephen Kijak,Director,1
Isabelle Nanty,Director,1
Ben Shelton,Director,1
Gaurav Bavdankar,Director,1
Max Amini,Director,1
Alex Richanbach,Director,1
Tig Notaro,Director,1
Mohamed Ben Attia,Director,1
Fulvio Iannucci,Director,1
Roly Santos,Director,1
John Huston,Director,1
Yan Han,Director,1
Will Gluck,Director,1
Sytske Kok,Director,1
Sophie Olga De Jong,Director,1
Kitarou Kousaka,Director,1
Denis Do,Director,1
Vincenzo Natali,Director,1
Bille August,Director,1
Donald Petrie,Director,1
Skye Borgman,Director,1
Adam Larson Broder,Director,1
Anthony Abrams,Director,1
Gideon Raff,Director,1
Adrian Grünberg,Director,1
Rayka Zehtabchi,Director,1
Monique Gardenberg,Director,1
Victor Levin,Director,1
Namron,Director,1
Marc Fouchard,Director,1
Jesús Torres Torres,Director,1
Rizal Mantovani,Director,1
Joseduardo Giordano,Director,1
Carlos Vermut,Director,1
Ginny Mohler,Director,1
Lydia Dean Pilcher,Director,1
Joanna Lombardi,Director,1
Justin Baldoni,Director,1
Amr Salah,Director,1
Anne Fletcher,Director,1
Michael Bay,Director,1
John R. Leonetti,Director,1
David Oelhoffen,Director,1
Damián Romay,Director,1
Sam Rega,Director,1
Jon Olb,Director,1
Matheus Souza,Director,1
Lauren Miller,Director,1
Daniel Goldhaber,Director,1
Brian A. Miller,Director,1
David M. Rosenthal,Director,1
Prasobh Vijayan,Director,1
Ian Samuels,Director,1
Michel Leclerc,Director,1
Mohamed Gamal Al Adl,Director,1
James Jones,Director,1
Valerie Bisscheroux,Director,1
Ladislas Chollat,Director,1
Wael Ihsan,Director,1
Tharun Bhascker Dhaassyam,Director,1
Yam Laranas,Director,1
Peter Mimi,Director,1
Anna Zaytseva,Director,1
Mariana Tschudi,Director,1
Sriram Raghavan,Director,1
Shelly Chopra Dhar,Director,1
Frant Gwo,Director,1
Diego Cohen,Director,1
Sohail Khan,Director,1
Lin Kuan Hui,Director,1
Richard Michaels,Director,1
Alberto Arnaut Estrada,Director,1
Kyzza Terrazas,Director,1
Michael Winterbottom,Director,1
Tomas L. Brickhill,Director,1
Yeo Siew Hua,Director,1
Alessio Cremonini,Director,1
Kabir Bhatia,Director,1
Jenny Gage,Director,1
Álvaro Brechner,Director,1
K. Rajagopal,Director,1
Chanya Button,Director,1
Sudabeh Mortezai,Director,1
Nikhil Nagesh Bhat,Director,1
Bobby Roth,Director,1
Hugo Stuven Casasnovas,Director,1
Adam B. Stein,Director,1
Zach Lipovsky,Director,1
Alan Hicks,Director,1
Rashida Jones,Director,1
Gonzalo Bendala,Director,1
Wi Ding Ho,Director,1
Vasan Bala,Director,1
Jesse Handsher,Director,1
William Kaufman,Director,1
Grant Sputore,Director,1
Müfit Can Saçıntı,Director,1
Alfonso Cortés-Cavanillas,Director,1
Dani De La Torre,Director,1
Zoe Berriatúa,Director,1
Joe Ksander,Director,1
Kevin R. Adams,Director,1
Todd Biermann,Director,1
Haifaa Al-Mansour,Director,1
Chung Yeong-Joon,Director,1
Juan Antin,Director,1
Fritz Ofner,Director,1
Pietro Scappini,Director,1
Rodrigo Salomón,Director,1
Byun Hyuk,Director,1
Emir Kusturica,Director,1
Federico Veiroj,Director,1
Manish Saini,Director,1
Karim El Sobky,Director,1
Roberto Girault,Director,1
Syamsul Yusof,Director,1
Mamat Khalid,Director,1
Hari Nath,Director,1
Genevieve Nnaji,Director,1
Ahmed Siddiqui,Director,1
Karim El Shenawy,Director,1
Brian Kirk,Director,1
Anne Sundberg,Director,1
Ricki Stern,Director,1
Rima Das,Director,1
Kanwal Sethi,Director,1
Leena Yadav,Director,1
Taichi Ishidate,Director,1
Phanindra Narsetti,Director,1
Emma Tammi,Director,1
Fermín Muguruza,Director,1
James Demonaco,Director,1
Trevor Nunn,Director,1
Marc Meyers,Director,1
Benjamin Kasulke,Director,1
Álvaro Longoria,Director,1
Olaf De Fleur Johannesson,Director,1
Chris Appelhans,Director,1
Tom Forrest,Director,1
Miranda De Pencier,Director,1
Tinge Krishnan,Director,1
Christophe Charrier,Director,1
Danishka Esterhazy,Director,1
Kim A. Snyder,Director,1
Ertanto Robby Soediskam,Director,1
Ravi L. Bharwani,Director,1
Norihisa Hiranuma,Director,1
Anggy Umbara,Director,1
Fernando Meirelles,Director,1
Richard Shepard,Director,1
Lorena Muñoz,Director,1
Bryn Evans,Director,1
Alex Merkin,Director,1
Robin Bissell,Director,1
Clay Kaytis,Director,1
Mary Harron,Director,1
Lindsey Cordero,Director,1
Armando Croda,Director,1
Paul Soriano,Director,1
Sofie Šustková,Director,1
Digo Ricio,Director,1
Guillermo De Oliveira,Director,1
Bradley Walsh,Director,1
Pia Sukanya,Director,1
Armita Keyani,Director,1
Andy Caballero,Director,1
Diego Corsini,Director,1
Gauravv K. Chawla,Director,1
Patryk Vega,Director,1
Andrés Felipe Orjuela,Director,1
Aram Rappaport,Director,1
Lee Seung-Won,Director,1
Sara Dosa,Director,1
Barbara Kopple,Director,1
Jennifer Kaytin Robinson,Director,1
J. Lee Thompson,Director,1
Teng Hua-Tao,Director,1
Miguel Ángel Vivas,Director,1
Nanfu Wang,Director,1
John Hoffman,Director,1
Jen Mcgowan,Director,1
Abhijeet Deshpande,Director,1
Ben Wheatley,Director,1
Duncan Mcmath,Director,1
Suseenthiran,Director,1
Marco Risi,Director,1
Piotr Starzak,Director,1
Sathyan Anthikad,Director,1
Vinod Kapri,Director,1
Thom Zimny,Director,1
Irek Dobrowolski,Director,1
Rajesh Mapuskar,Director,1
Yandy Laurens,Director,1
Alfons Adetuyi,Director,1
Karim Amer,Director,1
Lone Scherfig,Director,1
Jacob Joice,Director,1
Rik Reinholdtsen,Director,1
Rareko,Director,1
Louise Alston,Director,1
Prakash Satam,Director,1
Rachel Lears,Director,1
Jim Mickle,Director,1
David Slade,Director,1
Jonas Åkerlund,Director,1
Chiwetel Ejiofor,Director,1
Julien Abraham,Director,1
Latif Faizav,Director,1
Karimah Ashadu,Director,1
Hikari,Director,1
Alex Parkinson,Director,1
Richard Da Costa,Director,1
Abhijit Panse,Director,1
Archie Borders,Director,1
Shazia Ali Khan,Director,1
Greg Pritikin,Director,1
Renato De Maria,Director,1
Mansore,Director,1
Xavier Durringer,Director,1
Kunihiko Yuyama,Director,1
Sam Loh,Director,1
Percival M. Intalan,Director,1
Chakri Toleti,Director,1
Vicky Jewson,Director,1
Sabrina Rochelle Kalangie,Director,1
Doesjka Van Hoogdalem,Director,1
Kunal Kohli,Director,1
Zara Hayes,Director,1
Yuval Adler,Director,1
Lee Jeong-Beom,Director,1
Bent-Jorgen Perlmutt,Director,1
Kepa Sojo,Director,1
Jang Jae-Hyun,Director,1
Svetlana Cvetko,Director,1
Yoon Sung-Hyun,Director,1
Lee Chung-Hyun,Director,1
Isabel Coixet,Director,1
Elle-Máijá Tailfeathers,Director,1
Kathleen Hepburn,Director,1
Michael Civille,Director,1
Patricia Font,Director,1
Herman Yau,Director,1
Han Han,Director,1
Mikhail Lokshin,Director,1
Oleg Trofim,Director,1
Sandeep Reddy Vanga,Director,1
Ron Oliver,Director,1
Numa Perrier,Director,1
Soudade Kaadan,Director,1
Kitao Sakurai,Director,1
Lonzo Nzekwe,Director,1
Aditya Sarpotdar,Director,1
Kazim Al Qallaf,Director,1
Kelly Duane De La Vega,Director,1
Raphael Bob-Waksberg,Director,1
Halder Gomes,Director,1
Adam Bolt,Director,1
Nur Imran Mithu,Director,1
Jo Sung-Hee,Director,1
Conor Allyn,Director,1
Sujoy Ghosh,Director,1
Clark Johnson,Director,1
Jung Ji-Woo,Director,1
Travis Stevens,Director,1
Craig Brewer,Director,1
Mercedes Cordova,Director,1
Aruna Raje,Director,1
Umut Aral,Director,1
Karen Maine,Director,1
Pankaj Batra,Director,1
Miguel Cohan,Director,1
Ali Yorgancıoğlu,Director,1
Anastasiya Ostapenko,Director,1
Ayumu Watanabe,Director,1
Kevin Johnson,Director,1
Steven Rinella,Director,1
Łukasz Kośmicki,Director,1
Swapnaneel Jayakar,Director,1
Bassam Tariq,Director,1
Keoni Waxman,Director,1
Abhijit Kokate,Director,1
Srivinay Salian,Director,1
Alejandro Fernández Almendras,Director,1
Robby Grewal,Director,1
Regina Welker,Director,1
Nina Wels,Director,1
Andrea Deppert,Director,1
Mimi Maynard,Director,1
Frank Ariza,Director,1
Luis Javier Henaine,Director,1
Sitisiri Mongkolsiri,Director,1
Farishad Latjuba,Director,1
Gonzalo López-Gallego,Director,1
Gabriela Tagliavini,Director,1
Aijaz Khan,Director,1
Don Argott,Director,1
Sheena M. Joyce,Director,1
Matthew Kay,Director,1
Theo Love,Director,1
Franck Phelizon,Director,1
Alex Dell,Director,1
Daniel Chan Yee-Heng,Director,1
Steve Beck,Director,1
Fab 5 Freddy,Director,1
Madhumita,Director,1
Stuart Sender,Director,1
Aditya Kripalani,Director,1
Chris Nelson,Director,1
Phillip Michael Youmans,Director,1
Kim Joung-Hoon,Director,1
Pedring Lopez,Director,1
Stefon Bristol,Director,1
Hasan Aljaberi,Director,1
Jorge M. Fontana,Director,1
Yacine Belhousse,Director,1
Erik White,Director,1
Vijay Kumar,Director,1
Jeremiah Jones,Director,1
Kristine Samuelson,Director,1
John Haptas,Director,1
Ed Burke,Director,1
Beyoncé,Director,1
William Bindley,Director,1
Manu Ashokan,Director,1
P. Vasu,Director,1
Hao Wu,Director,1
Raju Saravanan,Director,1
Bruce Leddy,Director,1
Mati Diop,Director,1
Sarthak Dasgupta,Director,1
Sandra Restrepo,Director,1
Christopher Amos,Director,1
Bruce Beresford,Director,1
Alaa Eddine Aljem,Director,1
Jérémy Clapin,Director,1
Alice Wu,Director,1
Rachel Mason,Director,1
Coodie Simmons,Director,1
Chike Ozah,Director,1
Simon Lupton,Director,1
Christopher Bird,Director,1
Stephina Zwane,Director,1
Mangesh Kanthale,Director,1
Marco Pontecorvo,Director,1
Rebecca Zlotowski,Director,1
Rebecca Hall,Director,1
Mike Doyle,Director,1
Serge Ou,Director,1
Wagner De Assis,Director,1
Vijay Kumar Arora,Director,1
Eric Judor,Director,1
Ramzy Bedia,Director,1
Sam Cullman,Director,1
Andres Feddersen,Director,1
Kate Miles Melville,Director,1
Trisha Ziff,Director,1
Yuki Yamato,Director,1
Alex Ranarivelo,Director,1
Semi Chellas,Director,1
Tanvir Ahsan,Director,1
Abdullah Al Noor,Director,1
Golam Kibria,Director,1
Nuhash Humayun,Director,1
Syed Ahmed Shawki,Director,1
Rahat Rahman,Director,1
Mir Mokarram Hossain,Director,1
Robiul Alam Robi,Director,1
Krishnendu Chattopadhyay,Director,1
Saleh Sobhan Auneem,Director,1
Mahmudul Islam,Director,1
Christian Robinson,Director,1
Zhang Chong,Director,1
Mike Diva,Director,1
Mahesh Manjrekar,Director,1
Tuğçe Soysop,Director,1
Shady Hanna,Director,1
Rai Yuvraj Bains,Director,1
David 'Tosh' Gitonga,Director,1
Anand Kamalakar,Director,1
Tosin Coker,Director,1
Saurabh Sinha,Director,1
Tariq Alkazim,Director,1
Leli Maki,Director,1
Kanika Batra,Director,1
Gangadhar Salimath,Director,1
Laura Mañá,Director,1
Jadesola Osiberu,Director,1
Nisheeta Keni,Director,1
Leslie Woodhead,Director,1
Navjot Gulati,Director,1
Sneha Taurani,Director,1
Denis Rovira Van Boekholt,Director,1
Ángeles Reiné,Director,1
Prentice Penny,Director,1
Debamitra Biswal,Director,1
Chairun Nissa,Director,1
Sam Dunn,Director,1
Shonali Bose,Director,1
Makarand Mane,Director,1
Charles Uwagbai,Director,1
Jordan Brady,Director,1
Daniel Sánchez Arévalo,Director,1
Mikhil Musale,Director,1
Ashwin Saravanan,Director,1
Sam Hargrave,Director,1
Grand Corps Malade,Director,1
Taylor Morden,Director,1
Luke Sparke,Director,1
Adekunle Nodash Adejuyigbe,Director,1
Rian Johnson,Director,1
Nicol Paone,Director,1
Navot Papushado,Director,1
Marina Seresesky,Director,1
Louie Schwartzberg,Director,1
Wash Westmoreland,Director,1
Muh Chen,Director,1
Nicolas Brossette,Director,1
Larry Elikann,Director,1
Matt Aselton,Director,1
Vishwesh Krishnamoorthy,Director,1
Tope Oshin,Director,1
Joe Lynch,Director,1
Tomer Eshed,Director,1
Aurora Guerrero,Director,1
Jenny Goldberg,Director,1
Jake Wyatt,Director,1
Babbar Subhash,Director,1
Richard Montoya,Director,1
Elsa Flores Almaraz,Director,1
Vishal Mahadkar,Director,1
Jonathan Judge,Director,1
Susan Lacy,Director,1
Andrew Wessels,Director,1
Sanjib Dey,Director,1
Matthew O'Callaghan,Director,1
Martín Sastre,Director,1
Bhavin Wadia,Director,1
John Carpenter,Director,1
John Mcnaughton,Director,1
S.A. Zaidi,Director,1
Roy Campanella Ii,Director,1
Jessie Nelson,Director,1
Dean Craig,Director,1
Stephen Norrington,Director,1
Danny Cannon,Director,1
David De Vos,Director,1
Mike Hodges,Director,1
Jeremy Kipp Walker,Director,1
John Mitchell,Director,1
Nora Ephron,Director,1
Kevin Layne,Director,1
Cindy Chupack,Director,1
Saji Surendran,Director,1
Steve Gukas,Director,1
Joel Gallen,Director,1
Prabhu Deva,Director,1
Arnab Chaudhuri,Director,1
David O. Russell,Director,1
Tatsuya Nagamine,Director,1
Cisco Henson,Director,1
Ben Affleck,Director,1
Simon West,Director,1
Benny Chan,Director,1
Deepti Naval,Director,1
Terry Hughes,Director,1
James Moll,Director,1
Mahmood Ali-Balogun,Director,1
Marty Callner,Director,1
Takahiro Imamura,Director,1
Stuart Baird,Director,1
Kuang-Hui Liu,Director,1
Richard Brooks,Director,1
Hanns-Bruno Kammertöns,Director,1
Michael Wech,Director,1
Vanessa Nöcker,Director,1
Jane Campion,Director,1
Sydney Sibilia,Director,1
Mangesh Hadawale,Director,1
Reginald Hudlin,Director,1
Cooper Karl,Director,1
Gitanjali Rao,Director,1
Kathryn Fasegha,Director,1
Ryan Murphy,Director,1
Anubhav Sinha,Director,1
Basava Shankar,Director,1
Dave Franco,Director,1
Dani Levy,Director,1
Howard Zieff,Director,1
Dustin Hoffman,Director,1
Hayao Miyazaki,Director,1
Jeff Margolis,Director,1
Craig Freimond,Director,1
Alan J. Levi,Director,1
C.B. Harding,Director,1
Stuart Blumberg,Director,1
B. Unnikrishnan,Director,1
Len Wiseman,Director,1
Michael Blieden,Director,1
Vivek Agnihotri,Director,1
Sean Penn,Director,1
Samir Al Asfory,Director,1
Mennan Yapo,Director,1
Gregory Wilson,Director,1
Royer Young,Director,1
Josef Rusnak,Director,1
Tony Gilroy,Director,1
Vipul Amrutlal Shah,Director,1
Tensai Okamura,Director,1
Navdeep Singh,Director,1
Harold Harris,Director,1
Robert Moresco,Director,1
Kim Tae-Hyoung,Director,1
Na Hyun,Director,1
Rahul Ravindran,Director,1
Buchi Babu Sana,Director,1
B. V. Nandini Reddy,Director,1
Shanavas K Bavakkutty,Director,1
Karthik Venugopalan,Director,1
Mark Ritchie,Director,1
Cédric Jimenez,Director,1
Josh Aronson,Director,1
Tatiana Huezo,Director,1
Kvr Mahendra,Director,1
Tade Ogidan,Director,1
Douglas Attal,Director,1
Juan Pablo Rebella,Director,1
Pablo Stoll,Director,1
Michael Dowse,Director,1
Raj Rachakonda,Director,1
Vandana Kataria,Director,1
Daniel Arasanz,Director,1
Mahmoud Karim,Director,1
Haruka Fujita,Director,1
Naman Nitin Mukesh,Director,1
Mateusz Rakowicz,Director,1
Hamad Alsarraf,Director,1
Teddy Chan,Director,1
Cyprian T. Olencki,Director,1
Sabina Fedeli,Director,1
Anna Migotto,Director,1
David Marmor,Director,1
Shubham Singh,Director,1
Matthijs Van Heijningen Jr.,Director,1
Gavin Yap,Director,1
Glen Goei,Director,1
María Ripoll,Director,1
Yibrán Asuad,Director,1
Benz Kong,Director,1
Santiago Alvarado,Director,1
Alessandro Angulo,Director,1
Laurent Lafitte,Director,1
Franziska Meyer Price,Director,1
Prime Cruz,Director,1
Kery James,Director,1
Leila Sy,Director,1
Cho Il,Director,1
Wang Ding-Lin,Director,1
George C. Wolfe,Director,1
Alex Burunova,Director,1
Emcy Joseph,Director,1
Radha Blank,Director,1
Sammaria Simanjuntak,Director,1
Stefan Westerwelle,Director,1
Isabel Sandoval,Director,1
Callie Khouri,Director,1
Gil Baroni,Director,1
M.J. Bassett,Director,1
Camille Shooshani,Director,1
Elise Duran,Director,1
Galder Gaztelu-Urrutia,Director,1
Glen Keane,Director,1
Eva Orner,Director,1
Abba Makama,Director,1
Lina Al Abed,Director,1
Rod Cabataña Marmol,Director,1
Jeymes Samuel,Director,1
Julia Knowles,Director,1
Michelle Johnston,Director,1
Tanawat Aiemjinda,Director,1
Julien War,Director,1
Rémy Four,Director,1
Rae Red,Director,1
Jumpei Mizusaki,Director,1
Ömer Faruk Sorak,Director,1
Mike Binder,Director,1
Ken Cunningham,Director,1
Andrew Duncan,Director,1
Nzingha Stewart,Director,1
Joe Mantello,Director,1
Aaron Moorhead,Director,1
Justin Benson,Director,1
White Trash Tyler,Director,1
Travis Scott,Director,1
Vince Gilligan,Director,1
Nick Rowland,Director,1
Ed Perkins,Director,1
Nicholas Kharkongor,Director,1
Randall Lobb,Director,1
Nikhil Pherwani,Director,1
Nawapol Thamrongrattanarit,Director,1
Alex Stapleton,Director,1
Joey So,Director,1
Yoruba Richen,Director,1
Safdar Rahman,Director,1
Kim Dong-Gyu,Director,1
Tunde Apalowo,Director,1
Oluseyi Asurf,Director,1
Vinay Bharadwaj,Director,1
George Clooney,Director,1
Robert Pulcini,Director,1
Shari Springer Berman,Director,1
Otilia Portillo Padua,Director,1
Marc Vigil,Director,1
Lisa Robinson,Director,1
Leticia Jorge,Director,1
Bashir El Deek,Director,1
Nicholaus Goossen,Director,1
R. Parthiban,Director,1
Greig Cameron,Director,1
J Blakeson,Director,1
Huw Cordey,Director,1
Sharmeen Obaid-Chinoy,Director,1
Gillian Robespierre,Director,1
Seung Woo Cha,Director,1
Jean-François Blais,Director,1
Justin Dec,Director,1
Marco Bonfanti,Director,1
Lankyboy,Director,1
Blanche Gardin,Director,1
Marc-Antoine Hélard,Director,1
Xavier Maingon,Director,1
Prateek Vats,Director,1
Fernando Frias,Director,1
Billy Lyons,Director,1
Aamir Khan,Director,1
Alankrita Shrivastava,Director,1
Udai Singh Pawar,Director,1
Anissa Bonnefont,Director,1
Gianluca Leuzzi,Director,1
David Lynch,Director,1
Seema Pahwa,Director,1
Jonathan Hensleigh,Director,1
Robert Cullen,Director,1
Ramsey Nouah,Director,1
Sylvain Leduc,Director,1
Thierry Gautier,Director,1
Mauro Scandolari,Director,1
Chandra Liow,Director,1
Lucas Santa Ana,Director,1
Byeon Hee-Sun,Director,1
Preston A. Whitmore Ii,Director,1
Francesco Amato,Director,1
Juan Carlos Rulfo,Director,1
Marta Jaenes,Director,1
Rosa Marquez,Director,1
Trivikram Srinivas,Director,1
Jeferson De,Director,1
Michael Pressman,Director,1
Luis Ara,Director,1
Ignacio Jaunsolo,Director,1
Richard Van'T Riet,Director,1
Rodrigo Reyes,Director,1
Lana Wilson,Director,1
Sam Feder,Director,1
Kirsten Johnson,Director,1
Remi Weekes,Director,1
Nicole Newnham,Director,1
James Lebrecht,Director,1
Jeff Baena,Director,1
Cristina Costantini,Director,1
Kareem Tabsch,Director,1
Shalini Kantayya,Director,1
Jerry Rothwell,Director,1
James D. Stern,Director,1
Fernando Villena,Director,1
Athiyan Athirai,Director,1
Kevin Wotton,Director,1
Kittiphak Thongauam,Director,1
Pepe Bojórquez,Director,1
Robbie Countryman,Director,1
Adam Shankman,Director,1
Reinhard Klooss,Director,1
Monty Tiwa,Director,1
Archie Hekagery,Director,1
Matthew Killip,Director,1
Matias Mariani,Director,1
Francis Whately,Director,1
Elisa Fuksas,Director,1
Kranthi Madhav,Director,1
Alan Yang,Director,1
Gina Prince-Bythewood,Director,1
David Dobkin,Director,1
Matthew Vaughn,Director,1
Ramesh Sippy,Director,1
Ross Boyask,Director,1
Vidhu Vinod Chopra,Director,1
Oliver Kienle,Director,1
M. Irfan Ramli,Director,1
Francisco D'Eufemia,Director,1
Brent Dawes,Director,1
D.B. Weiss,Director,1
David Benioff,Director,1
Michael Cristofer,Director,1
Gregory Jacobs,Director,1
Yoshiyuki Okada,Director,1
Takeru Nakajima,Director,1
Krysia Plonka,Director,1
Sophia Nahli Allison,Director,1
Bodunrin Sasore,Director,1
Jean-Pierre Jeunet,Director,1
Merawi Gerima,Director,1
Ajay Bhuyan,Director,1
Carlos Morett,Director,1
Sharan Sharma,Director,1
Juani Libonatti,Director,1
Junichi Sato,Director,1
Tomotaka Shibayama,Director,1
Richard Linklater,Director,1
Vrinda Samartha,Director,1
Francesco Lettieri,Director,1
Todd Grimes,Director,1
Mostafa Abou Seif,Director,1
Ivan Silvestrini,Director,1
Jonathan Hughes,Director,1
Alastair Fothergill,Director,1
Keith Scholey,Director,1
Andrés Clariond,Director,1
Mohamed Fadel,Director,1
Hani Motawea,Director,1
Ezel Akay,Director,1
Anoop Sathyan,Director,1
Francesco Carnesecchi,Director,1
Sooni Taraporevala,Director,1
Alice Filippi,Director,1
Donick Cary,Director,1
Jan Komasa,Director,1
Jamie Babbit,Director,1
Newton I. Aduaka,Director,1
Jason Orley,Director,1
Faris Godus,Director,1
Patrice Laliberté,Director,1
Venky Kudumula,Director,1
Jeff Tomsic,Director,1
Santram Varma,Director,1
Kenny Park,Director,1
Jos Humphrey,Director,1
Akhil Paul,Director,1
Anas Khan,Director,1
Francisco Macri,Director,1
David Pastor,Director,1
Àlex Pastor,Director,1
Lester Hsi,Director,1
Gagan Puri,Director,1
Farah Nabulsi,Director,1
Takashi Doscher,Director,1
Ruchi Narain,Director,1
Joe Penna,Director,1
Ariel Winograd,Director,1
Girish Malik,Director,1
Kishore Tirumala,Director,1
Firas Khoury,Director,1
Lee Kae-Byeok,Director,1
Philip Barantini,Director,1
Mark Helfrich,Director,1
Rethabile Ramaphakela,Director,1
Katleho Ramaphakela,Director,1
Anwardi Jamil,Director,1
Austin Stark,Director,1
Samit Basu,Director,1
Philippa Ehrlich,Director,1
James Reed,Director,1
Jude Weng,Director,1
Lucky Kuswandi,Director,1
Cüneyt Kaya,Director,1
David Silverman,Director,1
Pablo Azorín,Director,1
Pedro De Echave,Director,1
David Galán Galindo,Director,1
Lasja Fauzia Susatyo,Director,1
Akhigbe Ilozobhie,Director,1
Mark Steven Johnson,Director,1
Udoka Oyeka,Director,1
Umesh Bist,Director,1
Joe Roth,Director,1
Jeff Deverett,Director,1
Roman White,Director,1
Katarzyna Klimkiewicz,Director,1
Guo Jingming,Director,1
Chris Sanders,Director,1
Daniel Benmayor,Director,1
Juana Macías,Director,1
Bhaskar,Director,1
Mike Elliott,Director,1
Tetsuo Yajima,Director,1
Bagus Bramanti,Director,1
Charles Gozali,Director,1
Peter Galison,Director,1
Jack C. Thomas,Director,1
Johnny Belt,Director,1
Ian Cherry,Director,1
Milton Horowitz,Director,1
Tim Neeves,Director,1
Joe Robert Cole,Director,1
James L. Brooks,Director,1
Shuko Murase,Director,1
Gustavo Ron,Director,1
Chris Bolan,Director,1
Matt D'Elia,Director,1
Neeraj Udhwani,Director,1
Hany Alshaibany,Director,1
Anand Ravichandran,Director,1
Akira Saitoh,Director,1
Estevan Oriol,Director,1
David Batra,Director,1
Jon Rudberg,Director,1
Michael Scott,Director,1
Sasi Shankar,Director,1
Luis Alfaro,Director,1
Pablo Lejarreta,Director,1
Mark Rosman,Director,1
Amy Segal,Director,1
Vicky Wight,Director,1
Marlene Melchior,Director,1
Luis Alejandro Pérez,Director,1
Chris Columbus,Director,1
Daniel H. Birman,Director,1
Massimiliano Camaiti,Director,1
S. P. Jananathan,Director,1
Shirish Kunder,Director,1
Adrian Bol,Director,1
Paco Aguilar,Director,1
Leslye Davis,Director,1
Catrin Einhorn,Director,1
Mike Nichols,Director,1
Kristine Stolakis,Director,1
Shunsuke Kariyama,Director,1
Tatsushi Ōmori,Director,1
Brett Hedlund,Director,1
Danny Leiner,Director,1
Sue Ding,Director,1
Carles Torras,Director,1
Eric Notarnicola,Director,1
Ariel Schulman,Director,1
Henry Joost,Director,1
Fiona Woodman,Director,1
Lp,Director,1
Joachim Fest,Director,1
Angshuman Ghosh,Director,1
Glendyn Ivin,Director,1
Elissa Down,Director,1
Antonio Usbergo,Director,1
Niccolò Celaia,Director,1
David S. Goyer,Director,1
Dennie Gordon,Director,1
Olivier Abbou,Director,1
Maïwenn,Director,1
Patrick Imbert,Director,1
Enas El-Degheidy,Director,1
Jérémie Degruson,Director,1
Ben Stassen,Director,1
Sharon Shattuck,Director,1
Will Mccormack,Director,1
Michael Govier,Director,1
Stella Corradi,Director,1
Pablo Agüero,Director,1
Sterlin Harjo,Director,1
Just Philippot,Director,1
Brian Andrew Mendoza,Director,1
Anvita Dutt,Director,1
Joseph Chen-Chieh Hsu,Director,1
Eric Bress,Director,1
Pablo Aulita,Director,1
Jonathon Link,Director,1
Aram Van De Rest,Director,1
Appie Boudellah,Director,1
Tt The Artist,Director,1
Sơn Tùng M-Tp,Director,1
Apurva Dhar Badgaiyann,Director,1
Byun Gyu-Ri,Director,1
Joana Mazzuchelli,Director,1
Morgan Ingari,Director,1
Mohamed Diab,Director,1
Matthias Temmermans,Director,1
Eric Cabello,Director,1
Chineze Anyaene,Director,1
Harry Bradbeer,Director,1
Halle Berry,Director,1
Arati Kadav,Director,1
Ahn Byoung-Wook,Director,1
Stéphane De Freitas,Director,1
Freddie Waters,Director,1
Hayden Guppy,Director,1
Lance Hool,Director,1
Michael Duggan,Director,1
Weica Wang,Director,1
Rod Lurie,Director,1
Laura Terruso,Director,1
Sue Kim,Director,1
Steve Evangelatos,Director,1
Brian Skiba,Director,1
Sibusiso Khuzwayo,Director,1
Matt Eskandari,Director,1
Carlos Moreno,Director,1
Ángel Gómez Hernández,Director,1
Florian Schott,Director,1
Trish Sie,Director,1
Ricky Staub,Director,1
Rizki Balki,Director,1
Frank Nataf,Director,1
Cory Edwards,Director,1
Ian Bonhôte,Director,1
Peter Ettedgui,Director,1
Chaitanya Tamhane,Director,1
Julia Von Heinz,Director,1
Luke Holland,Director,1
Yulene Olaizola,Director,1
Kornél Mundruczó,Director,1
Sujata Day,Director,1
Mayye Zayed,Director,1
Atul Sabharwal,Director,1
Jeo Baby,Director,1
Kevin Mcmanus,Director,1
Matthew Mcmanus,Director,1
Felix Binder,Director,1
Anna Stone,Director,1
Takuma Sato,Director,1
Shamzu Zayba,Director,1
Darren Lynn Bousman,Director,1
Chris Roland,Director,1
Maradona Dias Dos Santos,Director,1
Henri Wong,Director,1
Dimitri Logothetis,Director,1
Takeshi Fukunaga,Director,1
Peter Facinelli,Director,1
Josiah Ng,Director,1
Bernardo Arellano,Director,1
Felix Chong,Director,1
David Oyelowo,Director,1
Nathan Wiley,Director,1
Rebecca Harrell Tickell,Director,1
Joshua Tickell,Director,1
Quoc Bao Tran,Director,1
Javier Colinas,Director,1
Rudge Campos,Director,1
Júnior Carelli,Director,1
Otoja Abit,Director,1
Sanjay Rawal,Director,1
Dallas Jackson,Director,1
Pailin Wedel,Director,1
Rachel Talalay,Director,1
Domenico Emanuele De Feudis,Director,1
Maïmouna Doucouré,Director,1
Steve Bencich,Director,1
Jenny Popplewell,Director,1
Hong Khaou,Director,1
Edoardo Ponti,Director,1
Huang Hsin-Yao,Director,1
Jarand Herdal,Director,1
Othman Abu Laban,Director,1
Bigflo,Director,1
Oli,Director,1
Salvador Espinosa,Director,1
Nick Rosen,Director,1
Peter Mortimer,Director,1
Page Hurwitz,Director,1
Mark Verkerk,Director,1
Unjoo Moon,Director,1
Terrie Samundra,Director,1
Arpan Sarkar,Director,1
Shyamal Chaulia,Director,1
Ludovico Di Martino,Director,1
David Pablos,Director,1
Jeremy Grant,Director,1
Martin Wood,Director,1
Christopher Alender,Director,1
Jessica Swale,Director,1
Selçuk Metin,Director,1
Grant Singer,Director,1
Pavitra Chalam,Director,1
Akshay Shankar,Director,1
James Tovell,Director,1
Chan Kin-Long,Director,1
Denis Imbert,Director,1
Kirk Wise,Director,1
Matt Reeves,Director,1
Khalid Rahman,Director,1
Raj Khosla,Director,1
Ulrike Kofler,Director,1
Roberto Santucci,Director,1
Daniel Joseph,Director,1
David Blue Garcia,Director,1
Oliver Bokelberg,Director,1
Natasha Lyonne,Director,1
Helena Coan,Director,1
Max Mcguire,Director,1
Lluís Quílez,Director,1
Daniel Prochaska,Director,1
Carlos Sorín,Director,1
Ramin Bahrani,Director,1
Aakash Bhatia,Director,1
Li Weiran,Director,1
Manjari Makijany,Director,1
Narendra Nath,Director,1
Eric Bross,Director,1
Pang Ho-Cheung,Director,1
Jan-Peter Horns,Director,1
J. Patrick Arbeiter,Director,1
Alessandra De Rossi,Director,1
Nicolas Cuche,Director,1
Takana Shirai,Director,1
Eduardo Pinto,Director,1
Andrew L. Schmidt,Director,1
Francisco Ruiz Velasco,Director,1
Johane Matte,Director,1
August Jakobsson,Director,1
Chia-Lin Chu,Director,1
Andrea De Sica,Director,1
Kabir Sadanand,Director,1
V. Vignarajan,Director,1
Ben Gluck,Director,1
Renata Terra,Director,1
Sam Levinson,Director,1
William Jackson,Director,1
Monica Floyd,Director,1
Abir Sengupta,Director,1
Christi Cooper,Director,1
Phil Burgers,Director,1
Gekidan Hitori,Director,1
Michael Please,Director,1
Daniel Ojari,Director,1
Victor Gatonye,Director,1
Fouad El-Mohandes,Director,1
Matthew Michael Carnahan,Director,1
Lin-Manuel Miranda,Director,1
Jastis Arimba,Director,1
Alain Darborg,Director,1
Takashi Shimizu,Director,1
Frank E. Abney Iii,Director,1
Habib Faisal,Director,1
Neri Parenti,Director,1
Amanda Raymond,Director,1
Darragh O’Connell,Director,1
Cheng Wei-Hao,Director,1
Al Campbell,Director,1
Alice Mathias,Director,1
Ramon Térmens,Director,1
Jenn Rogan,Director,1
Cris D'Amato,Director,1
Juan Camilo Pinzón,Director,1
Augustine Frizzell,Director,1
Durul Taylan,Director,1
Yağmur Taylan,Director,1
Mariem Pérez Riera,Director,1
Sam Hobkinson,Director,1
Jakub Piątek,Director,1
Edgar Wright,Director,1
James Redford,Director,1
James Ashcroft,Director,1
Timothy Ware-Hill,Director,1
Arnon Manor,Director,1
Bradley Parker,Director,1
Justin P. Lange,Director,1
Siddharth P. Malhotra,Director,1
Toby Parkinson,Director,1
Jui-Chih Chiang,Director,1
Jan Belcl,Director,1
Renuka Shahane,Director,1
Subhash Kapoor,Director,1
Chris Rock,Director,1
Noviandra Santosa,Director,1
Ramiro Martinez,Director,1
Sung Do-Joon,Director,1
Randal Kleiser,Director,1
Rocco Ricciardulli,Director,1
Can Ulkay,Director,1
Ben Nicholas,Director,1
David Tryhorn,Director,1
Paolo Sorrentino,Director,1
Simon Stone,Director,1
Briar Grace Smith,Director,1
Ainsley Gardiner,Director,1
Abdulaziz Alshlahei,Director,1
Edward Drake,Director,1
Fred Wolf,Director,1
Josh Lawson,Director,1
Ameen Nayfeh,Director,1
Taranveer Singh,Director,1
Mario Briongos,Director,1
John Fortenberry,Director,1
Enah Johnscott,Director,1
Amp Wong,Director,1
Jesús Braceras,Director,1
Gabriel Nicoli,Director,1
Jonathan Entwistle,Director,1
Sophon Sakdaphisit,Director,1
Neal Wu,Director,1
Dmitry Tyurin,Director,1
Alexandre Laurent,Director,1
Måns Mårlind,Director,1
Felix Thompson,Director,1
Alex Holmes,Director,1
Charles Martin,Director,1
Max Serio,Director,1
Robert Kirk,Director,1
Wouter Bouvijn,Director,1
Chen Wei-Ling,Director,1
Jae Woo Kim,Director,1
Phil Allora,Director,1
Yann Demange,Director,1
Ali Bilgin,Director,1
Josephine Decker,Director,1
Hannu Salonen,Director,1
Justin Webster,Director,1
Cláudio Torres,Director,1
Yoo Jungeol,Director,1
Takuya Igarashi,Director,1
Yasunao Aoki,Director,1
Masashi Ikeda,Director,1
Kang Il-Soo,Director,1
Han Hyun-Hee,Director,1
Christophe Wagner,Director,1
Lee Jun Woo,Director,1
Yang Jin Hee,Director,1
Kim Ki Ho,Director,1
Steve Cheng,Director,1
Ka-Lam Chan,Director,1
Tim Noonan,Director,1
Stephen Scott,Director,1
Stefano Lodovichi,Director,1
Masaharu Take,Director,1
Jun Ki Sang,Director,1
Keisuke Ide,Director,1
Nikhil Mahajan,Director,1
Sonam Nair,Director,1
Yoshiharu Ashino,Director,1
Jody Margolin Hahn,Director,1
Alberto Lecchi,Director,1
Jesse Moss,Director,1
Goran Kapetanović,Director,1
Baek Sang-Hoon,Director,1
Ramy Imam,Director,1
Rachel Dretzin,Director,1
Phil Bertelsen,Director,1
장성,Director,1
Hwang Joon-Hyuk,Director,1
Lee Hyung-Min,Director,1
Qi Xiaohui,Director,1
Angus Macqueen,Director,1
Samira Radsi,Director,1
Qiu Zhongwei,Director,1
Gilles Marchand,Director,1
Yin-Jung Chen,Director,1
Peerapol Kirdjareun,Director,1
Robert Kenner,Director,1
Taki Oldham,Director,1
Mark Lewis,Director,1
Kim Do-Hyung,Director,1
Kim Sung-Ho,Director,1
Doug Shultz,Director,1
Geno Mcdermott,Director,1
Kasi Lemmons,Director,1
Demane Davis,Director,1
Ingrid Kvale,Director,1
Jo Harvey,Director,1
Mateo Willis,Director,1
Peter Fison,Director,1
Bill Markham,Director,1
Hannah Hoare,Director,1
Kang Chul Woo,Director,1
Boo Sung-Chul,Director,1
Kang Shin-Hyo,Director,1
Sergio Cabrera,Director,1
Julia Willoughby Nason,Director,1
Jenner Furst,Director,1
Mika Ninagawa,Director,1
Minkie Spiro,Director,1
Oh Choong-Hwan,Director,1
Cho Nam-Guk,Director,1
Jeon Chang-Geun,Director,1
Marvin Kren,Director,1
Jang Tae-Yoo,Director,1
박소연,Director,1
Shinya Sugai,Director,1
Igor Gotesman,Director,1
Mick Grogan,Director,1
Jq Lee,Director,1
Kim Nam-Soo,Director,1
Tim Fywell,Director,1
Kalina Alabrudzińska,Director,1
Adeola Osunkojo,Director,1
Choi Hang-Yong,Director,1
Salva Romero,Director,1
Chen Kuan-Chung,Director,1
David Chuang,Director,1
José Larraza,Director,1
Marc Pons,Director,1
Kazutaka Watanabe,Director,1
Nely Reguera,Director,1
Inma Torrente,Director,1
Ruthie Shatz,Director,1
Adi Barash,Director,1
Shô Miyake,Director,1
Lisa Bryant,Director,1
Camilo Salazar Prince,Director,1
Pablo González,Director,1
Hana Al Omair,Director,1
Kim Yong-Wan,Director,1
Camila Ibarra,Director,1
Agustin Ortiz,Director,1
Raúl Caballero,Director,1
Florian Baxmeyer,Director,1
Philip Koch,Director,1
Juliana Vicente,Director,1
Tomas Kaan,Director,1
Anna Van Der Heide,Director,1
Pass Pattanakumjon,Director,1
Kim Min-Gyeong,Director,1
Majid Al Ansari,Director,1
Nam Geon,Director,1
Georg Tschurtschenthaler,Director,1
Jan Peter,Director,1
Han Jun-Hee,Director,1
Kwon Ik-Jun,Director,1
Kim Jung-Sik,Director,1
Alejandro Hartmann,Director,1
Richard Arellano,Director,1
Michael Lehmann,Director,1
Chin Jung Chang,Director,1
Max Miller,Director,1
Tobi Baumann,Director,1
Onur Saylak,Director,1
Roni Ezra,Director,1
Manuel Pureza,Director,1
Jean-Xavier De Lestrade,Director,1
Takashi Otsuka,Director,1
Berkun Oya,Director,1
Im Hyeon-Wook,Director,1
Lee Jae-Hoon,Director,1
You Sun-Dong,Director,1
Ellena Wood,Director,1
Jesse Vile,Director,1
Akarsh Khurana,Director,1
Jin Hyuk,Director,1
Kim Seung-Ho,Director,1
Donnie Lai Cheun-Yu,Director,1
Debbie Rao,Director,1
Park Hee-Yeon,Director,1
Picky Talarico,Director,1
Alexxmedia,Director,1
Rudy Valdez,Director,1
Lee Hyun-Seok,Director,1
Paris Dylan,Director,1
Sim Na-Yeon,Director,1
Reinaldo Marcus Green,Director,1
Carles Torrens,Director,1
Jorge Dorado,Director,1
Gary Chiu Cheun-Sing,Director,1
Jones Wah-Kon Ma,Director,1
Li Hong Yu,Director,1
Li Wen Qi,Director,1
Stefano Cipani,Director,1
Adam Geiger,Director,1
Kongkiat Khomsiri,Director,1
Maribel Sánchez-Maroto,Director,1
Jaydeep Sarkar,Director,1
Tahira Kashyap,Director,1
Ruchir Arun,Director,1
Colin Barnicle,Director,1
Bruno Stagnaro,Director,1
Tamer Mohsen,Director,1
Mike Barker,Director,1
Rotem Shamir,Director,1
Neasa Hardiman,Director,1
Roger Ross Williams,Director,1
Lee Na-Jeong,Director,1
오승열,Director,1
Pratik Patra,Director,1
Prashant Raj,Director,1
Jo Young Kwang,Director,1
Rojda Sekersöz,Director,1
Kim Ga-Ram,Director,1
John Dower,Director,1
Júlia Pacheco Jordão,Director,1
Luis Carone,Director,1
Sarawut Wichiensarn,Director,1
Adil El Arbi,Director,1
Bilall Fallah,Director,1
Mathieu Mortelmans,Director,1
Asit Kumarr Modi,Director,1
Eliza Capai,Director,1
Yoo Je-Won,Director,1
Sakon Tiacharoen,Director,1
Mike Connolly,Director,1
Vojtech Filcev,Director,1
Petr Vachler,Director,1
Lee Jung-Heum,Director,1
Lien Yi-Chi,Director,1
Kazuhiro Furuhashi,Director,1
Claudia Huaiquimilla,Director,1
블레어 시몬스,Director,1
Kim Sang-Ho,Director,1
Sivaroj Kongsakul,Director,1
Davide Gambino,Director,1
Annette Baumeister,Director,1
Wilfried Huismann,Director,1
James House,Director,1
Lizzie Kempton,Director,1
Alex Kiehl,Director,1
Miles Blayden-Ryall,Director,1
Georgina Cammalleri,Director,1
Nadège Loiseau,Director,1
Rob Sixsmith,Director,1
Kim Tae-Ho,Director,1
Yohei Miyazaki,Director,1
Nobuhiro Doi,Director,1
Kim Yoon Jin,Director,1
Kim Tae-Yun,Director,1
Jang Young Woo,Director,1
Roberto Hernández,Director,1
Dave Mccary,Director,1
Akira Ooshima,Director,1
Yuko Hakoda,Director,1
Takeo Kikuchi,Director,1
Vinay Waikul,Director,1
David Charles Rodrigues,Director,1
Eduardo Chapero-Jackson,Director,1
Daniel Sloss,Director,1
Michiko Namiki,Director,1
Yu In-Sik,Director,1
Alon Zingman,Director,1
Andres Beltran,Director,1
Rafa Martínez,Director,1
Karishma Kohli,Director,1
Hiroshi Koujina,Director,1
Moon Jeon-Kwon,Director,1
Kim So-Jin,Director,1
Jin Dal-Rae,Director,1
Shin Eun-Ju,Director,1
Jung Min-Gyeong,Director,1
Jorge Edelstein,Director,1
Rahul Nair,Director,1
Elías León Siminiani,Director,1
Alex Cabral,Director,1
Daniel Billio,Director,1
Rodrigo Astiz,Director,1
Nikolas Fonseca,Director,1
La Ha-Na,Director,1
Anshai Lal,Director,1
Atul Mongia,Director,1
Julien Despaux,Director,1
Émilie Noblet,Director,1
Hiroshi Aoyama,Director,1
Jon Cassar,Director,1
David Schalko,Director,1
Yoon Sang-Ho,Director,1
Egor Baranov,Director,1
Stuart Mcdonald,Director,1
Joe Nussbaum,Director,1
Jeffrey Blitz,Director,1
Alexandre Courtes,Director,1
Fabrice Nzinzi,Director,1
Peter Bull,Director,1
Ryan Miller,Director,1
Han Chul-Soo,Director,1
Lee Soon Ok,Director,1
Takashi Fujio,Director,1
Yo Kawahara,Director,1
Kwon Hyuk-Chan,Director,1
Serdar Akar,Director,1
Kwak Jung-Hwan,Director,1
Hyun Moon-Sub,Director,1
허윤무,Director,1
Cui Hengzhun,Director,1
Kai Christiansen,Director,1
Florian Dedio,Director,1
Emmanuel Amara,Director,1
Ding Hei,Director,1
Shen Qinyuan,Director,1
이혜주,Director,1
Dave Unwin,Director,1
Ha Byung-Hoon,Director,1
Kim Hyun-Soo,Director,1
Ching-Fang Lin,Director,1
Hyun Wook Song,Director,1
Shin Yong Hwi,Director,1
Pieter Verhoeff,Director,1
Rob W. King,Director,1
Ker Choon Hooi,Director,1
Jesse Lickman,Director,1
Kwon Jin Mo,Director,1
Seren Yüce,Director,1
Baldvin Z,Director,1
Tooniverse,Director,1
Min Doo-Sik,Director,1
Jui-Yuan Tsao,Director,1
Kim Byung-Soo,Director,1
Laurent Bouzereau,Director,1
Andy Luo,Director,1
Park Hyun-Seok,Director,1
Kang Cheol-Woo,Director,1
Mamoru Hoshi,Director,1
Christine Hartmann,Director,1
Shin Tae Sik,Director,1
Goro Taniguchi,Director,1
Khalid Nadzri,Director,1
Damon Beesley,Director,1
Ding Pei,Director,1
Yoshiyuki Asai,Director,1
Jeon Woo-Sung,Director,1
Kim Shin-Il,Director,1
Craig George,Director,1
Bill Breneisen,Director,1
Tim Hodge,Director,1
Sandy Johnson,Director,1
Julia Ford,Director,1
Daniel Nettheim,Director,1
Eric Abrams,Director,1
Katina Medina Mora,Director,1
Catalina Aguilar Mastretta,Director,1
Santiago Limón,Director,1
Chico Pereira,Director,1
Jin Mo-Young,Director,1
Carolina Sá,Director,1
Fahad Mustafa,Director,1
Deepti Kakkar,Director,1
Hikaru Toda,Director,1
Olivier Jongerlynck,Director,1
Ming Zhang Chen,Director,1
Abraham Joffe,Director,1
Vanessa Roth,Director,1
Michaël Prazan,Director,1
Tian Xiao Zhang,Director,1
Liliana Bocanegra,Director,1
Teruo Noguchi,Director,1
Kiyoshi Yamamoto,Director,1
Kelly Loudenberg,Director,1
Razaisyam Rashid,Director,1
Kroll Azri,Director,1
Denis Chervyatsov,Director,1
Rinat Gazizov,Director,1
Ewan Keil,Director,1
Carlos Armella,Director,1
Kaat Beels,Director,1
Jonas Govaerts,Director,1
Ten Shimoyama,Director,1
Toshio Lee,Director,1
Park Hong-Kyun,Director,1
Kim Jung-Hyun,Director,1
Jeff Daniels,Director,1
Can Emre,Director,1
Cem Özüduru,Director,1
Rob Vanalkemade,Director,1
Jun Aoki,Director,1
Aoi Umeki,Director,1
Erica A. Watson,Director,1
Mo Wan-Il,Director,1
S.J. Clarkson,Director,1
Rory Karpf,Director,1
William J. Saunders,Director,1
Yûsuke Koroyasu,Director,1
Akira Uchikata,Director,1
Jessica Dimmock,Director,1
Yüksel Aksu,Director,1
Daniel Lucchesi,Director,1
Ahn Pan-Seok,Director,1
Dawn Porter,Director,1
Brillante Mendoza,Director,1
Kentaro Moriya,Director,1
Jo Hyo-Jin,Director,1
Jang Hyuk-Jae,Director,1
Noh Jong-Chan,Director,1
Barbara Schroeder,Director,1
He Xiaofeng,Director,1
Jason Hehir,Director,1
Omri Givon,Director,1
Lin He Long,Director,1
Francesca Gregorini,Director,1
Geeta Patel,Director,1
Lucy Tcherniak,Director,1
Tony Goldwyn,Director,1
Maeng Joo-Gong,Director,1
Luis Pinheiro,Director,1
Choi Seong-Beom,Director,1
Jason Perlman,Director,1
Cheng Feng,Director,1
Zhu Ruibin,Director,1
Nonthakorn Thaweesuk,Director,1
Masatoshi Yamaguchi,Director,1
Gareth Morrow,Director,1
刘海波,Director,1
Yan Shen,Director,1
Beer Ten Kate,Director,1
Adam Franklin,Director,1
Lee Jong-Jae,Director,1
Hajime Gonno,Director,1
Chen-Nien Ko,Director,1
Chen Yu-Hsun,Director,1
Wang Ming Tai,Director,1
Thomas Cailley,Director,1
Sébastien Mounier,Director,1
Olivier Derynck,Director,1
Ram Ganapati Rao,Director,1
Tien-Lun Yeh,Director,1
Gene Bernard,Director,1
Hugo Blick,Director,1
Kwon Nam-Ki,Director,1
Jon Amiel,Director,1
Norma Bailey,Director,1
Matthew Hastings,Director,1
Christoffer Boe,Director,1
Charlie Askew,Director,1
Andrucha Waddington,Director,1
Park Soo-Zin,Director,1
Suttasit Dechintaranarak,Director,1
Philipp Kadelbach,Director,1
Jeong Jeong-Hwa,Director,1
Samer Al Barkawi,Director,1
Jo Hyun-Tak,Director,1
Andrey Dzhunkovskiy,Director,1
Jessy Terrero,Director,1
Tom Mallion,Director,1
Masahito Kobayashi,Director,1
Jade Sandberg Wallis,Director,1
Joshua Zeman,Director,1
John Karabelas,Director,1
Chris Holt,Director,1
Liu Chang,Director,1
Albert Solé,Director,1
Wu Qiang,Director,1
Giancarlo Sanchez,Director,1
Michiel Ten Horn,Director,1
Yoo Jong-Sun,Director,1
Xu Heshen,Director,1
Lee Kyoung-Mi,Director,1
Noëlle Raffaele,Director,1
Lingo Hsieh,Director,1
Fabrice Gobert,Director,1
Hatem Ali,Director,1
지뢰,Director,1
So Man-Chung,Director,1
Chris Lilley,Director,1
주둥닝,Director,1
Tim Kirkby,Director,1
Nero Ng,Director,1
Kwon Young-Il,Director,1
Jon Favreau,Director,1
Kim Jin-Woo,Director,1
Simon Frederick,Director,1
Domini Hofmann,Director,1
William Mitchell,Director,1